house_id,sale_price,sale_date,months_listed,bedrooms,area,city_Poppleton,city_Riverford,city_Silvertown,city_Teasdale,house_type_Detached,house_type_Semi,house_type_Semi-detached,house_type_Terr.,house_type_Terraced
1217792,55943,2021-09-12,5.4,2,107.8,0,0,1,0,0,0,1,0,0
1900913,384677,2021-01-17,6.3,5,498.8,0,0,1,0,1,0,0,0,0
1174927,281707,2021-11-10,6.9,6,542.5,0,1,0,0,1,0,0,0,0
1773666,373251,2020-04-13,6.1,6,528.4,0,0,1,0,0,0,0,0,0
1258487,328885,2020-09-24,8.7,5,477.1,0,0,1,0,1,0,0,0,0
1539789,47143,2020-09-25,5.1,2,123.2,0,1,0,0,0,0,1,0,0
1353069,429914,2021-05-18,5.9,6,544.6,0,0,0,1,1,0,0,0,0
1155864,284440,2020-10-15,5.8,4,371.3,0,0,0,1,1,0,0,0,0
1608726,87134,2021-01-07,4.4,2,125.7,0,0,0,1,0,0,1,0,0
1358764,211203,2020-05-04,3.0,4,371.5,1,0,0,0,1,0,0,0,0
1277089,382655,2021-10-26,4.6,5,428.8,0,0,0,1,1,0,0,0,0
1117876,54934,2020-06-11,3.7,2,147.7,0,1,0,0,0,0,1,0,0
1710056,297101,2022-10-10,5.8,4,395.6,0,0,1,0,1,0,0,0,0
1860591,171502,2021-08-04,6.2,4,304.4,1,0,0,0,1,0,0,0,0
1470021,158198,2020-08-18,5.3,4,316.8,0,1,0,0,1,0,0,0,0
1396614,428808,2021-07-18,3.5,6,554.3,0,0,0,1,1,0,0,0,0
1369220,269688,2020-11-23,5.0,4,374.9,0,0,0,1,1,0,0,0,0
1195530,208965,2020-06-05,4.6,3,294.3,0,0,1,0,1,0,0,0,0
1384054,257146,2020-11-19,5.5,4,397.0,0,0,1,0,1,0,0,0,0
1070852,160653,2020-02-25,6.9,4,316.3,0,1,0,0,1,0,0,0,0
1239607,173098,2020-04-16,5.9,3,296.9,1,0,0,0,1,0,0,0,0
1234703,44759,2020-01-14,7.8,2,155.8,1,0,0,0,0,0,0,0,1
1029340,257485,2022-12-28,4.9,4,340.0,0,0,0,1,1,0,0,0,0
1230625,360545,2020-04-07,6.2,6,512.9,0,0,1,0,1,0,0,0,0
1509752,299439,2020-01-09,4.7,6,533.1,1,0,0,0,1,0,0,0,0
1690505,181902,2021-08-29,8.9,4,310.6,1,0,0,0,1,0,0,0,0
1333241,247401,2022-05-20,3.7,5,486.5,0,1,0,0,1,0,0,0,0
1460636,297446,2021-12-13,4.7,5,424.8,0,0,1,0,1,0,0,0,0
1925995,429022,2020-10-27,5.9,6,532.8,0,0,0,1,1,0,0,0,0
1751885,74877,2022-08-22,3.8,3,209.8,0,1,0,0,0,0,1,0,0
1357314,415389,2022-11-14,4.8,6,520.9,0,0,0,1,1,0,0,0,0
1598280,91672,2020-04-13,7.6,3,229.4,0,0,0,1,0,0,0,0,1
1042443,76722,2021-04-02,6.4,2,160.2,0,0,1,0,0,0,1,0,0
1418816,202506,2020-01-31,5.8,3,254.8,0,0,0,1,1,0,0,0,0
1865882,77037,2020-09-29,6.4,2,168.6,0,0,1,0,0,1,0,0,0
1247170,396370,2022-09-05,5.4,6,553.8,0,0,1,0,0,0,0,0,0
1883852,91287,2020-07-23,7.9,2,175.4,0,0,1,0,0,0,1,0,0
1862984,197265,2020-10-14,6.1,3,254.9,0,0,0,1,1,0,0,0,0
1183122,89504,2020-08-03,6.6,3,228.8,0,1,0,0,0,0,1,0,0
1948789,215858,2020-07-05,5.4,5,428.7,0,1,0,0,1,0,0,0,0
1789755,141265,2022-04-03,4.1,3,246.1,1,0,0,0,1,0,0,0,0
1734155,309230,2022-01-14,7.4,5,461.7,0,0,1,0,1,0,0,0,0
1685700,77482,2021-03-19,7.1,2,125.5,0,0,0,1,0,0,1,0,0
1629610,305026,2022-04-29,5.4,4,392.1,0,0,0,1,1,0,0,0,0
1377013,224905,2022-10-16,6.9,5,455.4,0,1,0,0,1,0,0,0,0
1223765,299889,2022-08-02,6.7,5,420.2,0,0,1,0,1,0,0,0,0
1257849,183020,2021-09-30,5.5,3,298.4,1,0,0,0,1,0,0,0,0
1650856,266342,2020-09-29,3.9,5,462.6,1,0,0,0,1,0,0,0,0
1737725,320752,2021-09-07,5.1,5,408.9,0,0,0,1,1,0,0,0,0
1626594,286361,2022-07-30,4.3,5,484.1,1,0,0,0,1,0,0,0,0
1513904,375974,2022-01-03,6.1,6,510.9,0,0,0,1,1,0,0,0,0
1517850,201771,2020-12-27,5.8,3,271.4,0,0,1,0,1,0,0,0,0
1915202,349648,2020-06-15,5.4,5,439.3,0,0,0,1,1,0,0,0,0
1910882,79784,2022-09-07,6.9,2,149.5,0,0,1,0,0,0,1,0,0
1303283,239106,2022-09-17,5.0,4,317.3,0,0,0,1,1,0,0,0,0
1037597,50975,2022-09-23,7.8,2,119.1,1,0,0,0,0,0,1,0,0
1075629,340734,2021-06-05,8.1,5,408.3,0,0,0,1,1,0,0,0,0
1028805,245261,2022-08-06,6.5,6,552.9,0,1,0,0,1,0,0,0,0
1161276,418131,2022-05-10,7.7,6,592.1,0,0,1,0,1,0,0,0,0
1631243,205905,2021-02-28,7.6,4,382.5,0,1,0,0,1,0,0,0,0
1010355,61207,2020-06-27,5.2,2,145.0,1,0,0,0,0,0,1,0,0
1289493,63949,2020-10-06,2.6,2,181.8,0,0,1,0,0,0,0,0,1
1197355,285132,2022-12-18,3.8,4,337.3,0,0,0,1,1,0,0,0,0
1351812,229931,2021-12-22,3.5,5,440.4,0,1,0,0,1,0,0,0,0
1505538,380205,2022-12-19,4.2,6,520.7,0,0,1,0,1,0,0,0,0
1433252,316508,2021-07-31,1.2,4,383.6,0,0,0,1,1,0,0,0,0
1882469,456663,2020-09-28,8.0,6,598.5,0,0,0,1,1,0,0,0,0
1094683,173451,2021-12-22,5.6,4,346.1,0,1,0,0,1,0,0,0,0
1512144,429969,2022-05-16,8.1,6,589.1,0,0,1,0,1,0,0,0,0
1385300,215575,2022-10-02,6.3,4,349.9,1,0,0,0,1,0,0,0,0
1222170,187712,2021-08-04,6.5,3,240.3,0,0,0,1,1,0,0,0,0
1734425,210941,2021-05-23,7.8,4,334.7,1,0,0,0,1,0,0,0,0
1534182,160239,2020-11-13,6.6,3,271.9,1,0,0,0,1,0,0,0,0
1358048,256985,2020-03-08,8.1,4,309.3,0,0,0,1,1,0,0,0,0
1648119,184410,2021-11-06,3.3,3,275.0,0,0,1,0,1,0,0,0,0
1101259,332355,2022-02-04,7.3,5,453.3,0,0,1,0,1,0,0,0,0
1000296,268043,2020-06-04,7.4,4,394.7,0,0,1,0,1,0,0,0,0
1981646,26348,2022-10-03,5.9,2,109.0,0,1,0,0,0,0,0,0,1
1783843,43047,2021-04-20,9.4,2,110.3,0,1,0,0,0,0,1,0,0
1203285,359392,2022-02-25,8.9,6,523.7,0,0,1,0,1,0,0,0,0
1624288,69405,2020-06-18,7.8,3,201.2,0,0,1,0,0,0,0,0,1
1487654,72586,2020-05-28,5.4,2,147.4,0,0,0,0,0,0,1,0,0
1932412,201099,2020-12-28,7.8,3,246.7,0,0,0,1,1,0,0,0,0
1579084,59814,2021-02-13,6.9,2,148.3,0,0,0,1,0,0,0,0,1
1926110,67184,2021-05-14,7.8,2,144.1,1,0,0,0,0,0,1,0,0
1589617,157600,2021-10-11,5.9,3,260.3,1,0,0,0,1,0,0,0,0
1655164,210697,2020-06-24,8.8,4,308.3,0,0,1,0,1,0,0,0,0
1546532,245619,2021-02-24,6.4,4,363.4,0,0,1,0,1,0,0,0,0
1722810,351162,2021-06-04,6.0,5,463.3,0,0,1,0,1,0,0,0,0
1690740,338647,2022-12-28,3.7,5,459.5,0,0,0,0,1,0,0,0,0
1552726,143188,2022-02-11,7.1,3,285.4,0,1,0,0,1,0,0,0,0
1548631,318442,2020-06-03,5.6,4,373.1,0,0,0,1,1,0,0,0,0
1582571,98395,2022-03-10,5.9,2,160.1,0,0,0,1,0,0,1,0,0
1584947,151648,2020-07-11,7.1,2,192.4,0,0,0,1,1,0,0,0,0
1821125,269871,2020-05-28,3.6,5,415.7,0,0,1,0,1,0,0,0,0
1879053,87891,2022-07-08,3.2,2,147.6,0,0,0,1,0,1,0,0,0
1079746,162407,2021-11-09,8.5,3,293.5,1,0,0,0,1,0,0,0,0
1138391,273335,2021-12-04,5.9,5,464.4,1,0,0,0,1,0,0,0,0
1472754,168295,2020-07-16,6.2,4,329.0,0,1,0,0,1,0,0,0,0
1236600,336904,2021-09-15,7.6,5,450.9,0,0,0,1,1,0,0,0,0
1735694,52920,2021-04-24,3.5,2,151.8,0,0,1,0,0,0,0,0,1
1731318,190121,2021-03-18,4.3,4,310.2,1,0,0,0,1,0,0,0,0
1036836,211025,2020-04-10,4.4,5,408.3,0,1,0,0,1,0,0,0,0
1176670,282420,2021-06-04,5.3,6,561.3,0,1,0,0,1,0,0,0,0
1110512,95564,2022-11-28,4.5,3,210.3,1,0,0,0,0,0,1,0,0
1189566,366021,2021-08-11,10.4,5,491.9,0,0,1,0,1,0,0,0,0
1563589,227392,2021-05-28,4.7,4,319.7,0,0,1,0,1,0,0,0,0
1471465,254781,2021-01-27,9.2,4,373.5,0,0,1,0,1,0,0,0,0
1235265,408029,2020-12-25,5.1,5,495.3,0,0,0,1,1,0,0,0,0
1262675,301292,2021-10-07,4.8,5,435.2,0,0,1,0,0,0,0,0,0
1729386,113242,2022-06-14,8.0,3,235.1,0,0,1,0,0,0,1,0,0
1268745,245426,2020-07-14,6.9,4,365.5,0,0,1,0,1,0,0,0,0
1161942,71597,2021-04-20,5.2,3,223.0,1,0,0,0,0,0,0,0,1
1462894,362570,2020-05-16,7.6,6,563.8,1,0,0,0,1,0,0,0,0
1013721,383336,2020-09-13,3.7,6,559.9,0,0,1,0,1,0,0,0,0
1115973,102825,2022-02-26,6.1,2,193.5,0,0,1,0,0,0,1,0,0
1856639,452661,2022-07-27,1.7,6,570.2,0,0,0,1,1,0,0,0,0
1541723,128097,2021-07-23,8.0,2,196.9,0,0,1,0,1,0,0,0,0
1688040,324382,2020-07-05,7.3,6,538.8,1,0,0,0,1,0,0,0,0
1345063,316638,2020-12-22,6.3,6,532.4,1,0,0,0,1,0,0,0,0
1017461,52380,2021-06-06,10.2,3,208.6,0,1,0,0,0,0,0,0,1
1384509,139212,2021-01-09,0.8,3,210.5,0,0,0,1,0,0,1,0,0
1789270,212638,2022-10-05,5.7,4,318.1,0,0,1,0,1,0,0,0,0
1748617,269311,2020-02-07,6.1,4,380.8,0,0,0,1,1,0,0,0,0
1941287,66253,2022-02-22,4.3,2,140.0,1,0,0,0,0,0,1,0,0
1553504,53400,2021-01-19,7.4,2,163.2,1,0,0,0,0,0,0,0,1
1500060,280043,2021-02-20,2.6,5,455.0,1,0,0,0,1,0,0,0,0
1852386,217948,2022-02-11,2.0,5,453.7,0,1,0,0,1,0,0,0,0
1076417,179314,2020-01-17,5.3,3,251.2,0,0,1,0,1,0,0,0,0
1924904,229070,2021-04-30,8.5,4,388.2,1,0,0,0,1,0,0,0,0
1265706,441050,2021-07-04,3.5,6,570.8,0,0,0,1,1,0,0,0,0
1409662,357657,2021-08-06,8.7,6,591.5,0,0,0,0,1,0,0,0,0
1032875,354427,2021-05-14,2.3,5,468.1,0,0,1,0,0,0,0,0,0
1286417,386001,2022-09-17,4.5,6,526.0,0,0,1,0,1,0,0,0,0
1182802,319386,2020-11-26,6.1,5,404.8,0,0,0,1,1,0,0,0,0
1831163,267777,2022-12-10,5.9,4,378.1,0,0,1,0,1,0,0,0,0
1826227,331802,2020-11-06,4.5,6,500.9,0,0,1,0,1,0,0,0,0
1844551,455750,2022-05-18,4.5,6,562.3,0,0,0,1,1,0,0,0,0
1462292,146841,2020-11-13,5.0,4,325.1,0,1,0,0,1,0,0,0,0
1683098,129772,2022-08-03,6.9,3,263.4,0,1,0,0,1,0,0,0,0
1947450,273134,2020-02-13,4.5,5,486.5,1,0,0,0,1,0,0,0,0
1269475,51167,2021-08-14,7.1,2,117.4,1,0,0,0,0,0,1,0,0
1261658,125551,2020-06-09,4.3,3,224.1,1,0,0,0,1,0,0,0,0
1245207,334500,2021-02-19,6.5,5,473.8,0,0,1,0,1,0,0,0,0
1281028,229632,2020-01-10,6.4,6,504.4,0,1,0,0,1,0,0,0,0
1462313,509536,2022-09-21,8.1,6,587.4,0,0,0,1,1,0,0,0,0
1429810,206593,2022-12-21,6.9,3,269.2,0,0,0,1,1,0,0,0,0
1010812,296638,2021-01-10,6.1,6,557.5,0,1,0,0,1,0,0,0,0
1091914,94535,2021-09-16,5.9,2,187.3,0,0,0,0,0,0,1,0,0
1850313,222766,2020-01-07,8.5,4,397.0,1,0,0,0,1,0,0,0,0
1506704,256261,2020-06-29,8.6,4,379.2,0,0,1,0,1,0,0,0,0
1868812,263779,2022-01-08,9.2,4,383.5,0,0,1,0,1,0,0,0,0
1315287,144728,2022-05-18,3.7,3,202.1,0,0,1,0,1,0,0,0,0
1692792,35548,2020-01-22,10.2,2,136.9,0,1,0,0,0,0,0,0,1
1776487,318196,2020-07-27,2.0,5,470.8,0,0,1,0,1,0,0,0,0
1828946,286527,2022-10-14,7.1,4,345.2,0,0,0,1,1,0,0,0,0
1727493,59039,2020-10-08,6.7,2,150.8,0,1,0,0,0,0,1,0,0
1067695,346812,2020-10-07,6.6,6,566.2,1,0,0,0,1,0,0,0,0
1945061,309372,2022-04-04,6.1,5,402.6,0,0,0,1,1,0,0,0,0
1045300,263255,2022-02-23,4.4,4,364.6,0,0,0,1,1,0,0,0,0
1421698,332567,2022-06-20,4.5,6,565.0,1,0,0,0,1,0,0,0,0
1149299,127143,2022-07-12,6.5,3,240.4,1,0,0,0,1,0,0,0,0
1573891,419696,2022-01-10,4.8,6,559.4,0,0,0,1,1,0,0,0,0
1214267,140986,2022-02-10,3.7,3,226.1,0,0,0,0,0,0,1,0,0
1437188,197759,2022-04-16,6.6,4,382.9,0,1,0,0,1,0,0,0,0
1608672,116013,2020-01-15,7.5,3,207.0,0,0,1,0,0,0,1,0,0
1176545,314469,2021-02-14,4.7,5,475.2,0,0,1,0,0,0,0,0,0
1728821,348439,2020-01-17,7.3,5,452.8,0,0,0,1,1,0,0,0,0
1527410,298567,2022-04-09,5.0,5,418.4,0,0,1,0,0,0,0,0,0
1525711,238000,2021-03-01,4.3,4,354.4,0,0,1,0,1,0,0,0,0
1488937,194180,2020-09-08,3.0,4,310.2,1,0,0,0,1,0,0,0,0
1318782,82092,2022-07-20,4.6,3,219.2,0,0,0,1,0,0,0,0,1
1982588,315322,2020-10-01,5.9,6,556.0,1,0,0,0,1,0,0,0,0
1529229,252919,2022-09-21,6.2,4,355.7,0,0,1,0,1,0,0,0,0
1919512,50443,2020-12-14,3.9,2,115.8,1,0,0,0,0,0,1,0,0
1161250,209008,2021-08-30,5.2,5,410.6,0,1,0,0,1,0,0,0,0
1988984,224529,2020-04-12,9.6,4,326.3,0,0,1,0,1,0,0,0,0
1060270,493150,2020-01-16,9.7,6,571.8,0,0,0,1,1,0,0,0,0
1071778,447055,2022-11-26,5.9,6,547.6,0,0,0,1,1,0,0,0,0
1687847,35158,2020-08-09,8.0,2,124.2,1,0,0,0,0,0,0,0,1
1249631,66955,2022-12-16,5.9,2,153.0,0,0,0,1,0,0,0,0,1
1788752,192159,2020-04-12,6.8,3,261.0,0,0,0,1,0,0,0,0,0
1345608,187927,2021-12-24,6.2,3,266.1,0,0,0,0,1,0,0,0,0
1940329,406282,2022-03-29,2.2,6,571.4,0,0,0,0,1,0,0,0,0
1619876,46581,2021-10-11,6.9,2,147.3,1,0,0,0,0,0,0,0,1
1733693,313445,2021-04-17,8.6,6,591.6,0,1,0,0,1,0,0,0,0
1159626,96441,2021-10-12,2.5,3,220.6,1,0,0,0,0,0,1,0,0
1627838,251786,2022-03-03,3.7,4,354.0,0,0,0,1,1,0,0,0,0
1102880,501427,2022-09-02,4.8,6,596.7,0,0,0,1,1,0,0,0,0
1564018,196885,2021-08-28,4.5,3,291.1,0,0,1,0,1,0,0,0,0
1380656,186001,2021-08-18,5.5,3,281.6,0,0,0,0,1,0,0,0,0
1643636,344388,2021-03-13,8.5,5,467.8,0,0,0,1,0,0,0,0,0
1150963,291063,2022-07-19,4.6,5,474.2,1,0,0,0,1,0,0,0,0
1007511,263040,2020-04-23,4.2,5,443.6,0,0,0,0,1,0,0,0,0
1803730,318996,2022-01-17,5.2,5,427.2,0,0,1,0,1,0,0,0,0
1037981,98234,2022-03-14,3.6,2,195.5,0,0,1,0,0,0,1,0,0
1978854,449907,2022-09-30,6.2,6,579.7,0,0,0,1,1,0,0,0,0
1166157,258044,2022-01-20,4.0,6,515.1,0,1,0,0,1,0,0,0,0
1096258,183004,2022-06-18,5.0,4,338.9,1,0,0,0,1,0,0,0,0
1594453,283127,2021-06-25,3.3,4,360.7,0,0,0,1,1,0,0,0,0
1167858,364186,2022-06-15,5.9,5,489.7,0,0,1,0,1,0,0,0,0
1567991,111965,2022-06-14,9.6,3,218.6,0,0,1,0,0,0,1,0,0
1924543,73221,2022-01-25,8.3,3,220.4,0,0,1,0,0,0,0,0,1
1847369,57602,2021-07-15,4.8,2,113.4,0,0,1,0,0,0,1,0,0
1081697,307538,2021-09-24,4.9,5,407.8,0,0,0,1,1,0,0,0,0
1035135,190517,2021-03-09,6.8,3,239.2,0,0,0,1,1,0,0,0,0
1176419,149373,2022-11-28,6.4,3,221.7,0,0,0,1,0,0,1,0,0
1889338,268716,2022-09-02,6.6,6,526.6,0,1,0,0,1,0,0,0,0
1644080,345701,2020-11-10,8.1,5,435.1,0,0,0,1,1,0,0,0,0
1442229,115173,2021-12-21,6.7,3,219.4,0,0,1,0,0,0,1,0,0
1448759,57616,2020-06-28,10.7,2,155.0,0,1,0,0,0,0,1,0,0
1780975,44968,2021-10-26,6.9,2,124.3,0,0,0,0,0,0,1,0,0
1599167,30608,2021-03-14,4.1,2,102.4,1,0,0,0,0,0,0,0,1
1237166,108829,2020-02-20,2.7,3,226.6,0,0,1,0,0,0,1,0,0
1130002,343253,2022-08-05,3.8,6,544.1,1,0,0,0,1,0,0,0,0
1649002,496913,2020-02-15,6.7,6,582.0,0,0,0,1,0,0,0,0,0
1221595,297818,2021-04-27,6.4,6,555.1,0,1,0,0,1,0,0,0,0
1731309,320985,2022-05-05,3.4,5,482.1,1,0,0,0,1,0,0,0,0
1715748,280447,2022-11-13,6.3,4,354.9,0,0,0,1,1,0,0,0,0
1547654,240690,2020-08-10,7.0,4,359.1,0,0,1,0,1,0,0,0,0
1258196,169287,2022-12-13,4.1,3,254.7,1,0,0,0,1,0,0,0,0
1426605,281208,2021-11-26,9.1,6,551.7,0,1,0,0,0,0,0,0,0
1549920,28517,2022-12-29,4.9,2,114.5,0,1,0,0,0,0,0,0,1
1700474,253929,2021-10-18,7.5,3,288.5,0,0,0,1,1,0,0,0,0
1960809,69767,2020-07-30,3.2,2,197.3,0,0,1,0,0,0,0,0,1
1850041,61313,2022-10-17,4.1,2,125.6,1,0,0,0,0,0,1,0,0
1694974,180249,2022-06-10,5.7,3,248.3,0,0,1,0,0,0,0,0,0
1552267,188541,2021-02-07,6.5,3,296.4,1,0,0,0,1,0,0,0,0
1436311,114865,2020-09-29,5.3,2,197.8,0,0,0,0,0,0,1,0,0
1646556,283517,2021-01-22,6.9,6,541.1,0,1,0,0,1,0,0,0,0
1969099,158584,2020-08-20,4.1,3,241.1,0,0,0,0,1,0,0,0,0
1491743,253081,2021-01-25,4.9,4,373.4,0,0,1,0,1,0,0,0,0
1473953,74855,2022-10-01,5.4,3,205.5,0,0,0,1,0,0,0,0,1
1531316,222602,2022-08-07,5.8,3,278.7,0,0,0,1,1,0,0,0,0
1246779,361507,2022-08-18,3.3,6,505.3,0,0,1,0,1,0,0,0,0
1361643,290760,2021-05-10,6.9,6,507.7,1,0,0,0,1,0,0,0,0
1289616,129211,2020-12-22,2.7,3,233.1,0,0,1,0,0,0,1,0,0
1572330,55775,2020-03-22,6.9,2,124.3,1,0,0,0,0,0,1,0,0
1229417,459909,2021-06-03,2.8,6,563.7,0,0,0,1,1,0,0,0,0
1207578,110808,2022-12-11,5.7,2,181.7,0,0,1,0,1,0,0,0,0
1915132,234585,2021-08-28,8.2,4,392.9,1,0,0,0,1,0,0,0,0
1987264,185864,2021-11-24,4.5,3,251.0,0,0,1,0,1,0,0,0,0
1179393,106067,2022-12-01,6.4,2,199.5,0,0,0,0,0,0,1,0,0
1480556,143888,2022-12-05,4.2,3,249.5,1,0,0,0,1,0,0,0,0
1435028,155078,2020-02-09,11.4,3,274.2,1,0,0,0,1,0,0,0,0
1892989,246488,2021-01-05,4.9,4,351.1,0,0,1,0,1,0,0,0,0
1564132,66189,2021-02-25,7.7,3,212.3,1,0,0,0,0,0,0,0,1
1948436,291468,2022-09-26,6.0,4,335.1,0,0,0,1,1,0,0,0,0
1406027,424964,2020-03-15,8.2,6,587.7,0,0,1,0,1,0,0,0,0
1245874,368273,2021-01-16,6.3,6,527.6,0,0,1,0,1,0,0,0,0
1618928,56447,2022-11-23,7.7,2,101.0,0,0,1,0,0,1,0,0,0
1135020,471186,2020-05-17,3.7,6,597.2,0,0,0,1,1,0,0,0,0
1569966,60728,2021-12-07,4.5,2,172.8,0,0,1,0,0,0,0,0,1
1351828,148432,2020-08-15,5.3,3,254.0,1,0,0,0,1,0,0,0,0
1512484,100458,2021-10-30,10.0,2,159.5,0,0,0,1,0,0,1,0,0
1953702,53633,2021-05-24,4.9,2,104.2,0,0,0,0,0,0,1,0,0
1774951,419696,2022-01-05,9.4,6,582.7,0,0,1,0,1,0,0,0,0
1230049,156392,2021-12-09,2.9,3,242.8,0,0,1,0,1,0,0,0,0
1535520,263646,2021-07-10,9.6,4,335.4,0,0,0,1,1,0,0,0,0
1948958,384440,2020-04-29,10.1,6,568.2,0,0,1,0,1,0,0,0,0
1095534,222905,2020-11-14,7.3,5,445.3,0,1,0,0,1,0,0,0,0
1388933,169743,2022-03-07,5.3,3,292.1,1,0,0,0,1,0,0,0,0
1643896,237206,2022-04-09,9.1,3,293.3,0,0,0,1,1,0,0,0,0
1877172,39578,2020-02-19,7.9,2,124.5,1,0,0,0,0,0,0,0,1
1869923,276995,2020-03-24,3.2,4,351.5,0,0,1,0,1,0,0,0,0
1289056,97776,2022-01-17,3.9,3,200.0,1,0,0,0,0,0,1,0,0
1481658,215675,2021-11-01,8.1,5,485.5,0,1,0,0,1,0,0,0,0
1278608,256776,2020-05-17,7.1,5,442.4,1,0,0,0,1,0,0,0,0
1144804,203563,2021-05-13,4.4,3,292.3,0,0,1,0,1,0,0,0,0
1450270,208082,2022-06-28,6.4,4,361.0,1,0,0,0,1,0,0,0,0
1320300,63745,2020-07-27,5.7,2,123.7,0,0,1,0,0,0,1,0,0
1813952,74913,2020-09-16,5.7,2,168.5,0,0,0,0,0,0,0,0,1
1010031,408685,2021-06-14,2.9,6,563.0,0,0,1,0,1,0,0,0,0
1885450,279118,2022-07-30,5.5,5,445.7,0,0,1,0,0,0,0,0,0
1884030,204428,2021-05-17,6.3,4,323.9,1,0,0,0,1,0,0,0,0
1911709,198055,2020-01-12,7.2,3,294.4,0,0,1,0,1,0,0,0,0
1018165,89000,2021-08-21,6.9,2,186.3,1,0,0,0,0,0,1,0,0
1338077,255176,2022-09-15,3.4,4,398.8,1,0,0,0,1,0,0,0,0
1100407,237629,2021-06-05,3.9,4,357.7,0,0,1,0,1,0,0,0,0
1585230,60662,2021-11-12,6.5,2,111.8,0,0,0,0,0,0,1,0,0
1202901,316761,2021-02-04,7.3,6,594.8,0,1,0,0,1,0,0,0,0
1024283,358561,2021-12-01,6.8,5,424.2,0,0,0,1,1,0,0,0,0
1300327,200398,2021-03-20,5.5,4,398.5,0,1,0,0,1,0,0,0,0
1140466,254331,2022-11-07,5.8,5,473.9,0,1,0,0,1,0,0,0,0
1512919,413258,2022-09-28,10.5,6,576.1,0,0,1,0,0,0,0,0,0
1937577,203649,2022-05-26,7.1,4,398.0,0,1,0,0,0,0,0,0,0
1592992,337266,2021-01-05,8.1,5,492.9,0,0,1,0,1,0,0,0,0
1762638,233845,2022-10-24,2.6,4,308.1,0,0,0,1,1,0,0,0,0
1160936,122329,2021-07-11,9.9,3,201.2,0,0,0,1,0,0,1,0,0
1554766,212534,2020-03-27,5.1,4,332.5,1,0,0,0,1,0,0,0,0
1835470,148661,2022-01-12,6.5,3,284.5,0,1,0,0,1,0,0,0,0
1594921,211316,2022-06-17,6.6,4,372.7,1,0,0,0,1,0,0,0,0
1113820,203732,2021-01-05,5.9,4,338.0,1,0,0,0,1,0,0,0,0
1816606,81868,2020-04-30,5.0,2,156.8,0,0,1,0,0,0,1,0,0
1042506,185911,2022-10-04,6.1,4,319.6,1,0,0,0,1,0,0,0,0
1567056,60297,2021-01-20,4.6,2,141.4,1,0,0,0,0,0,1,0,0
1829376,220123,2022-05-16,4.1,4,361.5,1,0,0,0,1,0,0,0,0
1645993,343401,2020-05-16,2.6,5,404.9,0,0,0,1,1,0,0,0,0
1536822,249262,2020-03-17,7.4,4,371.2,0,0,1,0,1,0,0,0,0
1057028,383882,2020-07-22,5.8,5,479.1,0,0,0,0,1,0,0,0,0
1560933,357382,2022-11-12,7.7,6,536.8,0,0,1,0,1,0,0,0,0
1929594,156936,2020-03-09,6.1,3,250.1,0,0,1,0,1,0,0,0,0
1742630,172360,2022-12-30,5.2,3,289.6,1,0,0,0,1,0,0,0,0
1227304,135691,2021-10-21,4.7,3,255.7,0,1,0,0,1,0,0,0,0
1633532,277277,2021-12-11,5.2,5,414.8,0,0,1,0,1,0,0,0,0
1730020,47982,2022-07-28,7.0,2,184.9,0,1,0,0,0,0,0,0,1
1688219,155232,2020-12-28,6.0,3,257.6,1,0,0,0,1,0,0,0,0
1838239,274027,2020-06-28,4.9,4,381.7,0,0,1,0,1,0,0,0,0
1664271,100578,2021-08-23,6.7,2,186.0,0,0,1,0,0,0,1,0,0
1749742,72401,2021-01-20,6.0,2,182.2,0,0,0,1,0,0,0,0,1
1580068,185532,2022-12-22,6.2,3,276.6,0,0,1,0,1,0,0,0,0
1466804,175314,2022-07-16,7.9,3,239.7,0,0,1,0,0,0,0,0,0
1738352,146652,2020-05-15,4.8,3,237.6,0,0,0,1,0,0,1,0,0
1550941,61163,2020-12-31,4.7,2,168.3,0,1,0,0,0,0,1,0,0
1818481,345139,2022-10-18,3.1,5,461.5,0,0,1,0,1,0,0,0,0
1481909,276398,2021-07-23,7.2,4,377.3,0,0,1,0,1,0,0,0,0
1096726,200048,2022-08-30,7.1,3,262.6,0,0,1,0,1,0,0,0,0
1698278,268610,2022-09-29,7.2,5,424.9,1,0,0,0,0,0,0,0,0
1722437,264477,2020-08-06,2.6,5,414.9,0,0,1,0,1,0,0,0,0
1281734,36152,2022-05-13,7.4,2,110.2,1,0,0,0,0,0,0,0,1
1112630,444695,2022-11-23,7.0,6,551.0,0,0,0,1,1,0,0,0,0
1389000,336815,2020-06-14,5.8,6,588.7,1,0,0,0,1,0,0,0,0
1589593,113624,2021-09-13,5.1,3,209.9,0,0,1,0,0,0,1,0,0
1709120,344630,2020-04-08,9.3,5,471.6,0,0,1,0,1,0,0,0,0
1012593,361033,2022-07-08,4.7,6,566.1,1,0,0,0,1,0,0,0,0
1953115,244749,2022-10-02,5.8,4,314.4,0,0,0,1,1,0,0,0,0
1507065,420380,2020-04-08,4.3,6,541.9,0,0,1,0,1,0,0,0,0
1806448,312813,2022-06-08,4.6,5,458.5,0,0,1,0,1,0,0,0,0
1168631,292514,2020-02-08,9.0,4,370.0,0,0,0,1,1,0,0,0,0
1605792,230687,2021-07-07,3.1,3,298.8,0,0,0,1,1,0,0,0,0
1510886,293286,2022-05-04,10.2,4,397.1,0,0,1,0,1,0,0,0,0
1390771,318460,2020-07-06,3.5,5,467.9,0,0,1,0,1,0,0,0,0
1884320,74077,2021-09-08,6.0,3,205.3,0,0,0,1,0,0,0,0,1
1482499,237266,2021-04-11,3.5,4,386.0,1,0,0,0,1,0,0,0,0
1169444,312901,2021-11-21,7.3,5,480.6,0,0,1,0,1,0,0,0,0
1208439,365734,2021-08-31,5.8,6,560.6,0,0,1,0,1,0,0,0,0
1618764,190766,2020-10-16,6.1,4,328.5,1,0,0,0,0,0,0,0,0
1823812,356510,2022-12-24,6.5,6,530.3,0,0,1,0,1,0,0,0,0
1645820,356878,2021-03-31,6.6,6,586.5,1,0,0,0,1,0,0,0,0
1524475,426348,2021-05-01,8.3,6,538.0,0,0,0,1,1,0,0,0,0
1626381,247212,2021-01-21,2.3,4,302.3,0,0,0,1,1,0,0,0,0
1345926,308186,2020-08-18,7.2,5,462.5,0,0,1,0,1,0,0,0,0
1699422,147309,2020-05-10,2.8,3,275.5,1,0,0,0,1,0,0,0,0
1907377,362407,2020-04-05,3.4,5,446.7,0,0,0,1,1,0,0,0,0
1974135,227802,2020-04-17,7.8,3,275.3,0,0,0,1,1,0,0,0,0
1758719,249436,2020-03-06,7.6,4,349.8,0,0,1,0,1,0,0,0,0
1237673,302485,2022-09-01,3.0,4,382.0,0,0,0,1,1,0,0,0,0
1065281,49368,2020-02-12,3.9,2,110.3,1,0,0,0,0,0,1,0,0
1864521,317050,2020-08-25,5.1,5,478.1,0,0,1,0,1,0,0,0,0
1991768,75678,2021-12-23,4.9,2,180.4,1,0,0,0,0,0,1,0,0
1573560,176877,2021-08-05,10.4,3,264.1,0,0,1,0,1,0,0,0,0
1810420,34747,2020-05-07,6.0,2,114.2,0,0,1,0,0,0,0,0,1
1582785,313693,2022-05-02,6.8,4,381.5,0,0,0,1,1,0,0,0,0
1915648,359213,2020-07-12,5.7,6,502.4,0,0,1,0,1,0,0,0,0
1051241,93551,2020-01-27,5.5,3,208.8,1,0,0,0,0,0,1,0,0
1223416,220807,2020-04-21,4.0,3,274.8,0,0,0,1,1,0,0,0,0
1809998,249821,2022-03-28,4.0,5,426.1,1,0,0,0,1,0,0,0,0
1390884,414015,2022-10-16,9.4,6,571.6,0,0,1,0,1,0,0,0,0
1583370,476913,2021-04-12,6.1,6,569.2,0,0,0,1,1,0,0,0,0
1817042,75352,2021-06-13,5.6,2,137.8,0,0,1,0,0,0,1,0,0
1851664,450341,2022-01-22,8.0,6,543.8,0,0,0,1,1,0,0,0,0
1249429,105498,2021-06-17,6.7,2,196.3,0,0,1,0,0,0,1,0,0
1448331,57065,2020-08-26,6.2,2,123.9,1,0,0,0,0,0,1,0,0
1448472,32782,2021-09-27,9.9,2,106.7,1,0,0,0,0,0,0,0,1
1618694,100093,2022-02-17,4.6,2,183.7,0,0,1,0,0,0,1,0,0
1352580,334465,2020-09-08,4.2,6,590.3,1,0,0,0,1,0,0,0,0
1491804,79410,2020-07-30,4.8,2,171.8,1,0,0,0,0,0,1,0,0
1662312,192038,2021-09-06,5.8,4,302.4,1,0,0,0,1,0,0,0,0
1891542,197489,2020-08-08,4.0,3,246.1,0,0,0,1,0,0,0,0,0
1402511,335564,2020-11-21,6.7,5,499.3,0,0,1,0,1,0,0,0,0
1548177,195658,2021-05-21,2.9,3,293.7,0,0,1,0,1,0,0,0,0
1411516,340533,2020-10-17,5.3,5,498.6,0,0,1,0,1,0,0,0,0
1764460,42573,2020-03-19,9.0,2,122.0,0,0,0,0,0,0,1,0,0
1861629,283525,2020-06-11,7.2,6,524.0,1,0,0,0,1,0,0,0,0
1708987,209955,2021-10-24,7.6,3,253.8,0,0,0,1,1,0,0,0,0
1929473,162439,2020-02-27,6.4,3,250.2,1,0,0,0,1,0,0,0,0
1798125,88965,2022-12-13,5.2,2,198.1,1,0,0,0,0,0,1,0,0
1836761,52460,2022-09-28,4.4,3,209.0,0,1,0,0,0,0,0,1,0
1273854,364563,2021-10-26,6.2,5,486.0,0,0,0,0,1,0,0,0,0
1875485,161593,2020-06-04,5.6,3,217.1,0,0,0,1,0,0,0,0,0
1877324,33438,2022-05-04,8.6,2,130.9,0,1,0,0,0,0,0,0,1
1309830,52544,2021-08-06,8.0,2,138.5,0,1,0,0,0,0,1,0,0
1319650,291470,2020-06-14,6.3,5,434.4,0,0,1,0,1,0,0,0,0
1669937,247436,2022-04-02,4.9,5,436.8,1,0,0,0,1,0,0,0,0
1068668,386773,2022-05-20,7.6,6,549.1,0,0,1,0,1,0,0,0,0
1576185,241394,2021-02-01,4.7,4,350.0,0,0,1,0,1,0,0,0,0
1410650,256953,2021-08-24,7.5,5,490.3,1,0,0,0,1,0,0,0,0
1455120,296321,2021-10-25,8.1,4,362.2,0,0,0,1,1,0,0,0,0
1267302,320225,2022-05-04,8.5,5,478.5,0,0,1,0,1,0,0,0,0
1942800,310276,2021-11-20,5.7,5,423.8,0,0,1,0,1,0,0,0,0
1769256,73822,2021-06-20,8.2,3,238.6,0,0,0,0,0,0,0,0,1
1030063,149446,2020-07-31,3.4,4,326.9,0,1,0,0,1,0,0,0,0
1432040,475347,2020-12-24,5.0,6,566.6,0,0,0,1,1,0,0,0,0
1250149,465399,2021-08-19,5.0,6,545.9,0,0,0,1,1,0,0,0,0
1937447,434164,2022-05-27,4.9,6,595.4,0,0,1,0,0,0,0,0,0
1023229,462622,2022-06-11,6.2,6,599.8,0,0,0,1,1,0,0,0,0
1423130,308771,2021-10-29,5.6,6,557.1,1,0,0,0,1,0,0,0,0
1268037,228663,2020-01-17,5.5,3,283.4,0,0,0,1,1,0,0,0,0
1682594,361463,2020-08-17,3.1,6,539.7,0,0,1,0,1,0,0,0,0
1403439,154127,2021-11-25,6.7,3,239.9,0,0,0,1,0,0,1,0,0
1834437,433645,2021-07-01,4.2,6,541.6,0,0,0,1,1,0,0,0,0
1294049,308376,2020-01-03,4.4,5,453.7,0,0,1,0,1,0,0,0,0
1699880,35770,2022-01-29,6.8,2,100.3,0,0,1,0,0,0,0,0,1
1466345,372823,2022-04-17,2.8,6,590.1,1,0,0,0,1,0,0,0,0
1334966,97039,2020-11-04,2.8,2,168.4,0,0,1,0,0,0,1,0,0
1998317,66685,2021-05-21,7.8,2,142.6,1,0,0,0,0,0,1,0,0
1096215,142705,2022-07-23,5.6,3,249.8,1,0,0,0,1,0,0,0,0
1914691,214165,2022-07-11,7.3,3,266.7,0,0,0,1,1,0,0,0,0
1896565,409483,2022-12-15,6.8,6,509.6,0,0,1,0,1,0,0,0,0
1063784,284649,2020-11-10,4.5,4,356.6,0,0,0,1,1,0,0,0,0
1194038,294044,2020-12-01,7.9,5,428.1,0,0,1,0,1,0,0,0,0
1714130,88172,2021-01-17,6.9,2,195.9,1,0,0,0,0,0,1,0,0
1862943,149239,2021-02-26,5.9,3,224.0,0,0,1,0,1,0,0,0,0
1421799,250823,2020-11-25,5.6,4,315.7,0,0,0,1,1,0,0,0,0
1086971,50048,2020-11-16,8.2,2,144.0,0,0,0,1,0,0,0,0,1
1383244,57269,2021-01-09,3.9,2,149.6,0,0,0,0,0,0,0,0,1
1245960,163726,2020-03-18,2.6,4,347.9,0,1,0,0,1,0,0,0,0
1318295,334965,2021-12-28,6.7,5,473.1,0,0,0,0,1,0,0,0,0
1053077,111154,2020-07-07,4.5,2,178.9,0,0,0,1,0,0,1,0,0
1408896,239558,2021-11-03,5.3,5,439.0,0,1,0,0,1,0,0,0,0
1298078,185491,2021-12-06,4.8,3,282.5,0,0,1,0,1,0,0,0,0
1704391,228697,2021-05-31,6.8,3,298.2,0,0,0,1,1,0,0,0,0
1639742,191761,2020-04-12,5.9,4,303.2,0,0,1,0,1,0,0,0,0
1191967,139981,2020-10-14,1.3,3,242.0,1,0,0,0,1,0,0,0,0
1961535,343731,2022-11-01,3.4,5,445.9,0,0,0,1,1,0,0,0,0
1004244,368763,2021-06-30,6.0,6,522.3,0,0,1,0,0,0,0,0,0
1936331,324808,2022-12-20,7.1,5,436.0,0,0,1,0,1,0,0,0,0
1670040,218768,2020-11-29,8.4,5,426.1,0,1,0,0,0,0,0,0,0
1738515,226564,2022-06-04,9.0,3,274.0,0,0,0,1,1,0,0,0,0
1463861,306287,2020-10-20,9.2,5,470.2,0,0,1,0,1,0,0,0,0
1263772,482370,2022-02-27,4.8,6,579.8,0,0,0,1,1,0,0,0,0
1629059,328677,2020-07-26,8.3,5,455.9,0,0,1,0,1,0,0,0,0
1281420,64015,2021-08-15,8.9,2,105.4,0,0,0,1,0,0,1,0,0
1846122,304409,2022-09-14,8.1,6,505.2,1,0,0,0,1,0,0,0,0
1473010,32946,2020-12-22,3.8,2,111.3,1,0,0,0,0,0,0,0,1
1205231,391786,2021-10-20,4.0,6,550.1,0,0,1,0,1,0,0,0,0
1099156,346130,2021-06-12,6.5,6,577.2,1,0,0,0,1,0,0,0,0
1196565,56791,2021-01-04,6.6,2,124.5,1,0,0,0,0,0,1,0,0
1757054,232489,2021-08-21,7.2,4,375.3,1,0,0,0,1,0,0,0,0
1752654,81256,2021-08-07,6.9,2,181.7,1,0,0,0,0,0,1,0,0
1736280,390108,2020-11-11,7.7,5,450.9,0,0,0,1,1,0,0,0,0
1472802,114011,2020-11-08,9.9,3,207.5,1,0,0,0,1,0,0,0,0
1537409,335077,2021-11-10,7.3,6,536.0,1,0,0,0,1,0,0,0,0
1189929,148603,2022-07-16,6.5,3,252.0,1,0,0,0,1,0,0,0,0
1117348,199574,2022-11-08,5.3,3,299.1,0,0,1,0,1,0,0,0,0
1354601,121587,2020-01-01,10.5,3,222.7,0,0,1,0,0,0,1,0,0
1416044,241707,2022-11-14,4.0,4,379.4,1,0,0,0,1,0,0,0,0
1685299,127580,2021-04-08,6.9,3,211.0,0,0,0,1,0,0,1,0,0
1316360,270211,2020-08-15,3.7,6,530.1,0,1,0,0,1,0,0,0,0
1528234,270723,2021-01-08,4.8,5,458.3,1,0,0,0,1,0,0,0,0
1179940,251728,2021-01-26,7.0,5,431.0,1,0,0,0,1,0,0,0,0
1378910,52229,2022-06-20,5.6,2,110.8,0,0,1,0,0,0,1,0,0
1867659,69508,2021-09-23,6.2,2,134.3,0,0,1,0,0,0,1,0,0
1579125,343095,2022-04-11,5.9,6,505.3,0,0,1,0,1,0,0,0,0
1919474,39789,2020-10-26,6.6,2,134.3,1,0,0,0,0,0,0,0,1
1284190,225594,2020-12-29,5.6,5,428.8,0,1,0,0,1,0,0,0,0
1688352,374032,2020-04-27,9.2,6,557.0,0,0,1,0,1,0,0,0,0
1668445,203867,2021-03-10,11.0,3,273.9,0,0,1,0,0,0,0,0,0
1608791,244669,2021-12-04,7.5,4,361.4,0,0,1,0,1,0,0,0,0
1093115,256222,2021-01-21,5.1,6,572.2,0,1,0,0,1,0,0,0,0
1066388,356744,2021-09-06,3.1,6,545.2,0,0,1,0,1,0,0,0,0
1111858,45124,2020-11-16,6.1,2,118.0,0,0,1,0,0,0,0,0,1
1519539,140497,2022-05-15,2.3,3,271.3,1,0,0,0,1,0,0,0,0
1414501,239628,2020-01-30,5.8,5,441.0,1,0,0,0,1,0,0,0,0
1664309,61728,2020-01-06,3.0,3,233.2,0,1,0,0,0,0,0,0,1
1592779,151587,2021-12-23,4.7,4,327.1,0,1,0,0,1,0,0,0,0
1472353,241305,2020-06-13,6.8,4,320.3,0,0,1,0,1,0,0,0,0
1752479,88647,2020-07-27,5.3,2,199.4,1,0,0,0,0,0,1,0,0
1014739,202688,2021-08-26,8.2,4,300.8,0,0,0,0,1,0,0,0,0
1014495,171774,2020-05-24,1.9,4,375.1,0,1,0,0,0,0,0,0,0
1686564,290939,2022-10-01,8.1,4,358.3,0,0,0,1,1,0,0,0,0
1176623,80784,2020-08-22,5.6,3,210.7,0,1,0,0,0,0,1,0,0
1359697,425749,2020-09-04,3.6,6,599.6,0,0,1,0,1,0,0,0,0
1342820,345862,2021-12-21,7.7,5,417.9,0,0,0,1,1,0,0,0,0
1454970,206141,2021-01-05,12.3,4,383.4,1,0,0,0,1,0,0,0,0
1171830,190103,2021-09-13,3.0,3,263.4,0,0,1,0,1,0,0,0,0
1105394,210891,2022-11-10,7.3,5,443.5,0,1,0,0,1,0,0,0,0
1295524,91009,2021-09-19,6.1,2,178.3,0,0,1,0,0,0,1,0,0
1804728,187326,2021-06-11,3.7,3,270.3,0,0,1,0,1,0,0,0,0
1845313,354808,2022-08-02,6.0,5,434.0,0,0,0,1,1,0,0,0,0
1250132,445635,2020-09-04,5.9,6,568.8,0,0,0,1,1,0,0,0,0
1027136,196924,2020-05-16,7.0,5,400.2,0,1,0,0,1,0,0,0,0
1913851,53668,2022-03-25,6.9,2,139.4,0,0,0,1,0,0,0,0,1
1331225,157508,2022-02-13,3.8,3,291.8,1,0,0,0,1,0,0,0,0
1976636,366206,2022-01-31,9.5,6,515.5,0,0,0,1,1,0,0,0,0
1120502,224624,2021-08-29,6.8,4,340.8,0,0,1,0,1,0,0,0,0
1179949,93580,2022-10-09,5.1,3,231.9,0,0,0,1,0,0,0,0,1
1857501,225898,2020-01-22,10.4,4,302.7,0,0,1,0,1,0,0,0,0
1892421,351318,2020-06-06,2.1,5,487.1,0,0,1,0,1,0,0,0,0
1910080,334028,2021-01-14,5.7,5,467.7,0,0,1,0,1,0,0,0,0
1696742,329871,2022-11-08,6.2,5,498.8,0,0,1,0,1,0,0,0,0
1855104,256788,2022-06-07,3.3,5,467.5,1,0,0,0,1,0,0,0,0
1127688,365627,2022-10-01,6.7,6,513.2,0,0,1,0,1,0,0,0,0
1476754,338469,2020-12-12,6.3,5,476.2,0,0,0,1,1,0,0,0,0
1360173,152762,2022-10-26,4.6,3,249.5,0,0,0,0,1,0,0,0,0
1163990,299339,2020-01-28,7.8,5,497.2,0,0,0,0,1,0,0,0,0
1845359,330358,2021-10-29,3.6,6,534.8,1,0,0,0,1,0,0,0,0
1600913,277275,2022-03-08,10.0,4,347.1,0,0,0,1,1,0,0,0,0
1549413,88497,2021-10-23,6.4,3,228.5,0,1,0,0,0,0,1,0,0
1103870,282182,2021-08-01,8.0,5,490.6,1,0,0,0,1,0,0,0,0
1576622,239075,2020-08-20,5.7,3,288.3,0,0,0,1,1,0,0,0,0
1710617,225617,2022-02-25,7.0,4,339.5,1,0,0,0,1,0,0,0,0
1301616,48113,2020-08-31,5.2,2,144.1,0,0,1,0,0,0,0,0,1
1622761,284275,2021-04-12,5.0,5,458.8,1,0,0,0,1,0,0,0,0
1334358,336997,2020-04-18,9.7,6,560.5,1,0,0,0,1,0,0,0,0
1855402,142703,2020-03-02,6.0,4,300.9,0,1,0,0,1,0,0,0,0
1194375,202858,2021-02-15,5.9,3,279.1,0,0,0,1,1,0,0,0,0
1601250,278892,2020-09-19,6.8,5,450.0,1,0,0,0,0,0,0,0,0
1281064,348346,2020-02-17,4.5,5,469.3,0,0,1,0,1,0,0,0,0
1923852,62387,2022-03-31,3.5,2,164.3,0,0,1,0,0,0,0,0,1
1010801,248213,2021-05-08,6.2,4,341.1,0,0,1,0,1,0,0,0,0
1924772,378641,2021-12-31,4.3,6,561.7,0,0,1,0,1,0,0,0,0
1977188,63733,2022-10-19,6.9,2,140.7,1,0,0,0,0,0,1,0,0
1111911,329297,2021-02-01,4.4,6,579.8,1,0,0,0,1,0,0,0,0
1606424,363507,2022-04-01,0.8,5,433.3,0,0,0,1,1,0,0,0,0
1577989,31877,2021-07-22,7.6,2,102.1,1,0,0,0,0,0,0,0,1
1962477,48210,2022-10-11,4.3,2,106.4,1,0,0,0,0,0,1,0,0
1997518,84111,2021-02-06,6.3,3,234.2,0,0,0,0,0,0,1,0,0
1509394,335550,2021-06-24,8.5,6,569.6,1,0,0,0,1,0,0,0,0
1514204,290411,2020-08-06,3.8,5,478.2,1,0,0,0,1,0,0,0,0
1221856,140615,2020-05-29,6.3,3,299.8,0,1,0,0,1,0,0,0,0
1614278,452319,2022-01-05,7.3,6,564.0,0,0,0,1,1,0,0,0,0
1230399,330420,2022-10-29,7.6,5,440.1,0,0,0,1,1,0,0,0,0
1242333,152916,2022-08-02,4.2,3,245.8,1,0,0,0,1,0,0,0,0
1064901,415168,2020-12-26,7.7,6,540.8,0,0,0,1,0,0,0,0,0
1064065,199192,2022-08-29,5.5,3,284.8,0,0,1,0,1,0,0,0,0
1555650,263782,2020-11-29,9.5,4,383.9,0,0,1,0,1,0,0,0,0
1919603,72861,2020-01-19,4.6,2,172.9,0,0,0,1,0,0,0,0,1
1122377,110560,2020-06-08,6.4,3,210.7,0,0,1,0,0,0,1,0,0
1661975,308749,2022-01-03,9.8,5,478.0,0,0,1,0,1,0,0,0,0
1155893,333954,2022-09-10,5.3,6,569.1,1,0,0,0,1,0,0,0,0
1977122,41767,2022-02-15,8.2,2,115.2,0,0,0,0,0,0,1,0,0
1940214,207419,2020-03-20,6.4,5,411.5,0,1,0,0,1,0,0,0,0
1599848,50829,2020-09-02,7.3,2,129.1,0,1,0,0,0,0,1,0,0
1356336,394333,2020-03-31,7.7,6,564.9,0,0,1,0,1,0,0,0,0
1182916,312185,2022-05-29,6.1,6,509.3,1,0,0,0,1,0,0,0,0
1905693,424665,2021-05-29,5.4,6,558.4,0,0,1,0,0,0,0,0,0
1144529,241186,2022-08-04,2.4,4,354.0,0,0,1,0,1,0,0,0,0
1710057,321995,2021-09-16,6.7,6,537.3,1,0,0,0,1,0,0,0,0
1287962,319634,2021-03-15,4.5,5,497.0,0,0,1,0,1,0,0,0,0
1834332,200226,2022-05-11,4.1,4,316.7,1,0,0,0,1,0,0,0,0
1446830,235888,2020-03-01,6.2,4,307.3,0,0,0,1,1,0,0,0,0
1598892,279327,2022-12-11,5.9,6,503.5,0,0,0,0,1,0,0,0,0
1422971,133413,2022-06-15,5.8,3,218.4,1,0,0,0,1,0,0,0,0
1481777,227722,2022-05-30,7.9,4,354.7,0,0,1,0,1,0,0,0,0
1749657,322755,2022-01-04,4.5,6,564.7,1,0,0,0,1,0,0,0,0
1107132,272837,2021-10-26,5.5,4,368.9,0,0,1,0,1,0,0,0,0
1704676,404275,2021-07-26,6.1,6,553.8,0,0,0,1,1,0,0,0,0
1791043,88691,2021-11-29,4.2,2,188.9,1,0,0,0,0,0,1,0,0
1991730,283943,2022-08-08,6.9,6,573.3,0,1,0,0,1,0,0,0,0
1995392,135694,2021-11-17,7.1,3,226.4,0,0,0,1,0,0,1,0,0
1529311,89852,2022-08-08,5.9,3,222.3,0,0,0,1,0,0,0,0,1
1535326,391447,2021-01-09,9.0,6,551.9,0,0,1,0,1,0,0,0,0
1140952,171830,2021-08-05,3.0,4,308.1,1,0,0,0,1,0,0,0,0
1660160,344209,2022-01-05,5.0,5,454.5,0,0,1,0,1,0,0,0,0
1573142,388010,2020-10-09,7.6,6,511.3,0,0,0,1,1,0,0,0,0
1785391,317847,2022-12-18,5.2,5,430.5,0,0,1,0,1,0,0,0,0
1243395,293273,2020-04-17,3.6,5,414.4,0,0,0,1,1,0,0,0,0
1836640,70534,2021-06-09,7.2,3,229.0,1,0,0,0,0,0,0,0,1
1099364,240284,2021-06-18,6.3,5,499.4,0,1,0,0,1,0,0,0,0
1886965,50856,2020-09-05,9.1,2,100.7,0,0,1,0,0,1,0,0,0
1547826,72898,2021-06-16,2.5,2,167.2,1,0,0,0,0,0,1,0,0
1265876,172720,2020-12-09,5.1,3,285.3,1,0,0,0,1,0,0,0,0
1427886,77660,2022-03-22,9.2,3,217.6,0,0,1,0,0,0,0,0,1
1187498,90084,2022-01-26,5.9,2,178.3,0,0,1,0,0,0,1,0,0
1492089,382832,2021-10-17,5.2,5,498.9,0,0,0,1,1,0,0,0,0
1659623,414522,2022-12-25,4.3,6,594.4,0,0,1,0,0,0,0,0,0
1800861,177056,2022-01-05,5.4,3,291.8,1,0,0,0,1,0,0,0,0
1790132,407650,2020-02-28,8.2,6,526.8,0,0,0,1,1,0,0,0,0
1914472,57661,2022-07-12,6.2,2,125.8,1,0,0,0,0,0,1,0,0
1691248,103182,2022-12-16,6.9,3,240.0,1,0,0,0,0,0,1,0,0
1805685,246132,2020-12-27,4.8,5,476.2,0,1,0,0,1,0,0,0,0
1669743,223178,2022-02-13,3.6,4,300.8,0,0,1,0,1,0,0,0,0
1665513,40910,2020-05-24,5.9,2,183.3,0,1,0,0,0,0,0,0,1
1668109,145540,2020-12-07,5.3,3,246.2,1,0,0,0,0,0,0,0,0
1486534,37296,2021-04-11,3.5,2,107.1,0,0,1,0,0,0,0,0,1
1150212,56147,2020-11-27,6.2,2,132.2,0,0,0,1,0,0,0,0,1
1949489,62113,2022-04-28,4.9,2,190.8,0,0,1,0,0,0,0,0,1
1663573,292614,2021-01-26,5.4,4,396.0,0,0,0,1,1,0,0,0,0
1811243,200200,2022-03-22,5.9,5,411.1,0,1,0,0,1,0,0,0,0
1886285,169258,2021-04-03,5.9,3,233.3,0,0,0,1,1,0,0,0,0
1458688,78822,2021-04-15,6.6,2,124.3,0,0,0,1,0,0,1,0,0
1607640,119373,2021-09-11,9.6,2,195.9,0,0,0,1,0,0,1,0,0
1656422,354319,2020-03-19,5.8,6,535.5,0,0,1,0,1,0,0,0,0
1418313,291651,2020-12-01,8.5,5,485.1,1,0,0,0,1,0,0,0,0
1530646,409857,2022-04-27,1.3,6,599.1,0,0,0,0,1,0,0,0,0
1665407,224032,2022-06-25,7.1,3,294.9,0,0,1,0,1,0,0,0,0
1316807,31670,2022-11-25,5.6,2,109.6,1,0,0,0,0,0,0,0,1
1805319,268650,2021-10-19,7.3,6,528.0,0,1,0,0,1,0,0,0,0
1952128,150481,2021-09-16,6.8,3,265.2,1,0,0,0,1,0,0,0,0
1816356,132108,2022-07-28,9.6,3,204.9,0,0,0,1,0,0,1,0,0
1972494,487491,2021-03-08,6.9,6,578.6,0,0,0,1,1,0,0,0,0
1814706,57515,2022-12-26,3.3,2,144.0,0,1,0,0,0,0,1,0,0
1674021,280525,2022-01-11,6.3,4,376.1,0,0,1,0,1,0,0,0,0
1299166,188867,2022-02-10,3.3,3,292.3,0,0,1,0,1,0,0,0,0
1373181,234700,2021-05-11,7.3,5,425.1,0,1,0,0,1,0,0,0,0
1259632,186089,2021-07-19,8.4,3,254.2,0,0,1,0,1,0,0,0,0
1708954,288225,2022-12-30,10.2,6,525.8,1,0,0,0,1,0,0,0,0
1938926,292564,2020-06-06,3.3,5,457.6,0,0,1,0,1,0,0,0,0
1745950,289848,2020-07-27,7.8,5,450.4,1,0,0,0,1,0,0,0,0
1941124,77847,2020-06-25,3.2,2,120.3,0,0,0,1,0,0,1,0,0
1866287,200658,2020-07-22,3.5,5,409.5,0,1,0,0,1,0,0,0,0
1364988,393649,2020-09-15,6.8,5,498.6,0,0,0,1,1,0,0,0,0
1050654,222890,2021-09-23,9.1,3,290.1,0,0,0,1,1,0,0,0,0
1407524,214500,2022-02-28,5.2,4,315.3,0,0,1,0,1,0,0,0,0
1309502,242523,2020-01-08,1.9,5,408.4,1,0,0,0,0,0,0,0,0
1689970,124509,2020-01-02,0.5,3,224.4,0,0,1,0,0,0,1,0,0
1915241,242697,2022-11-07,7.0,4,339.1,0,0,1,0,1,0,0,0,0
1121226,63728,2021-04-01,3.3,2,132.4,0,0,0,0,0,0,1,0,0
1720010,92205,2022-11-01,4.1,3,236.8,0,0,0,1,0,0,0,0,1
1018876,345851,2021-12-28,6.4,6,568.9,1,0,0,0,1,0,0,0,0
1210299,45820,2020-03-13,6.3,2,158.1,1,0,0,0,0,0,0,1,0
1857561,380120,2022-09-09,7.5,6,575.8,1,0,0,0,1,0,0,0,0
1457793,183077,2020-06-15,2.2,3,251.9,0,0,1,0,1,0,0,0,0
1424659,429765,2022-10-18,4.3,6,559.9,0,0,0,1,1,0,0,0,0
1524452,39609,2021-02-07,10.5,2,115.5,0,0,1,0,0,0,0,0,1
1368561,174464,2021-06-30,5.0,3,252.4,0,0,1,0,1,0,0,0,0
1833351,57463,2022-05-31,4.0,2,137.7,1,0,0,0,0,0,1,0,0
1564205,85619,2021-03-05,7.0,2,152.4,0,0,1,0,0,1,0,0,0
1710916,80856,2021-09-22,7.6,2,169.1,0,0,1,0,0,0,1,0,0
1565022,320758,2020-12-17,3.0,6,567.1,0,1,0,0,1,0,0,0,0
1272848,400591,2020-08-11,5.2,6,535.0,0,0,1,0,1,0,0,0,0
1702443,154017,2020-03-31,7.0,3,245.6,1,0,0,0,1,0,0,0,0
1590335,211904,2022-07-27,8.1,4,317.5,0,0,1,0,1,0,0,0,0
1459825,83115,2022-09-16,4.1,2,184.2,1,0,0,0,0,0,1,0,0
1317186,257839,2022-07-09,2.7,5,415.7,1,0,0,0,1,0,0,0,0
1216397,230782,2022-05-14,2.9,5,414.5,1,0,0,0,1,0,0,0,0
1226868,175860,2021-12-03,9.2,3,295.1,1,0,0,0,1,0,0,0,0
1234374,361978,2021-07-08,3.7,5,443.2,0,0,0,1,1,0,0,0,0
1999018,196514,2022-07-11,2.2,4,348.1,1,0,0,0,1,0,0,0,0
1917216,340932,2020-05-20,6.2,5,472.9,0,0,0,1,1,0,0,0,0
1310746,201168,2020-10-20,9.3,3,291.2,0,0,1,0,1,0,0,0,0
1635197,270396,2022-02-01,4.9,5,413.1,1,0,0,0,1,0,0,0,0
1876785,243736,2022-03-06,5.9,4,307.3,0,0,0,1,0,0,0,0,0
1746490,364049,2022-04-06,3.7,5,497.8,0,0,1,0,1,0,0,0,0
1967863,59373,2022-02-16,5.4,2,103.3,0,0,0,1,0,0,1,0,0
1058813,74025,2022-02-15,3.2,3,215.7,0,0,1,0,0,0,0,0,1
1734849,428794,2022-09-30,7.7,6,583.1,0,0,1,0,1,0,0,0,0
1208983,143602,2020-11-24,4.8,3,261.3,0,1,0,0,1,0,0,0,0
1431144,48633,2020-06-25,3.9,2,128.4,0,1,0,0,0,0,1,0,0
1388891,276690,2021-08-04,4.4,6,547.8,0,0,0,0,1,0,0,0,0
1568591,209635,2020-05-28,6.3,3,265.5,0,0,0,1,1,0,0,0,0
1998925,347133,2021-04-29,3.8,5,459.5,0,0,0,1,1,0,0,0,0
1807631,82263,2021-08-26,5.9,2,153.8,0,0,0,1,0,0,1,0,0
1542650,211854,2020-08-31,5.6,4,368.9,1,0,0,0,1,0,0,0,0
1594333,461512,2021-11-11,5.9,6,567.3,0,0,0,1,1,0,0,0,0
1253152,142323,2021-04-20,6.2,2,195.7,0,0,1,0,1,0,0,0,0
1447466,240362,2020-04-28,6.3,3,298.8,0,0,0,1,1,0,0,0,0
1958269,316081,2021-04-20,5.6,4,382.7,0,0,0,1,1,0,0,0,0
1028100,401790,2021-01-02,5.8,6,584.7,0,0,1,0,1,0,0,0,0
1438855,33903,2020-07-14,8.1,2,128.2,0,1,0,0,0,0,0,0,1
1160478,168693,2022-07-13,4.6,4,328.4,1,0,0,0,1,0,0,0,0
1683152,206549,2021-11-01,7.2,3,266.8,0,0,0,1,1,0,0,0,0
1556577,131053,2021-07-02,5.3,3,268.2,0,1,0,0,1,0,0,0,0
1883576,310230,2022-04-24,5.9,5,499.0,1,0,0,0,1,0,0,0,0
1997201,216142,2021-05-04,4.2,4,362.1,1,0,0,0,1,0,0,0,0
1491590,60505,2020-10-13,7.3,2,162.7,0,1,0,0,0,0,1,0,0
1578801,54326,2021-12-14,5.6,2,106.0,0,0,1,0,0,0,1,0,0
1755905,168502,2022-02-23,10.2,4,317.4,1,0,0,0,1,0,0,0,0
1073244,87390,2021-11-11,6.4,2,169.7,0,0,1,0,0,0,1,0,0
1507614,118974,2020-11-13,5.2,3,200.3,0,0,0,1,0,0,1,0,0
1308577,356394,2022-02-20,2.4,5,469.4,0,0,1,0,1,0,0,0,0
1623206,232684,2020-10-30,7.1,4,350.4,0,0,1,0,1,0,0,0,0
1264788,347600,2020-11-05,3.5,6,562.7,1,0,0,0,1,0,0,0,0
1669244,146335,2020-03-04,7.1,3,258.3,1,0,0,0,1,0,0,0,0
1943618,171936,2020-07-30,8.0,4,336.3,0,1,0,0,1,0,0,0,0
1423337,165879,2020-11-30,5.9,3,289.3,1,0,0,0,1,0,0,0,0
1674075,69083,2020-07-05,9.3,2,178.5,0,0,0,1,0,0,0,0,1
1993878,26513,2021-07-23,4.3,2,107.8,0,1,0,0,0,0,0,1,0
1552013,338177,2022-08-19,4.5,6,599.1,0,0,0,0,1,0,0,0,0
1440226,142301,2021-06-09,6.2,3,286.5,0,1,0,0,1,0,0,0,0
1313426,246353,2021-12-07,5.9,5,433.8,1,0,0,0,1,0,0,0,0
1908798,397562,2022-10-14,5.8,6,521.5,0,0,0,1,0,0,0,0,0
1542453,63038,2020-06-08,4.0,2,129.6,1,0,0,0,0,0,1,0,0
1051195,250106,2021-03-02,4.0,6,524.3,0,1,0,0,1,0,0,0,0
1418441,220148,2021-05-28,7.6,3,294.2,0,0,1,0,1,0,0,0,0
1283579,255021,2021-09-08,4.3,6,531.5,0,1,0,0,0,0,0,0,0
1683219,57598,2021-10-06,8.1,2,150.0,0,1,0,0,0,0,1,0,0
1994696,85361,2020-12-11,6.4,2,136.3,0,0,0,1,0,0,1,0,0
1124893,75109,2021-12-28,5.5,3,225.2,0,0,1,0,0,0,0,0,1
1189017,171977,2021-02-11,4.5,4,304.7,1,0,0,0,1,0,0,0,0
1439034,384253,2020-08-12,5.9,6,543.0,0,0,1,0,1,0,0,0,0
1985481,395048,2022-11-14,4.2,6,528.6,0,0,1,0,1,0,0,0,0
1347376,174570,2021-04-04,4.1,3,297.8,1,0,0,0,1,0,0,0,0
1722310,71898,2020-11-15,6.1,2,161.2,0,0,0,0,0,1,0,0,0
1650088,210029,2022-05-18,5.7,4,309.2,0,0,1,0,1,0,0,0,0
1641816,49280,2022-07-27,6.4,2,130.1,0,1,0,0,0,0,1,0,0
1078394,315174,2021-11-12,7.4,5,468.8,0,0,1,0,1,0,0,0,0
1084396,175723,2022-08-02,3.4,4,352.3,0,1,0,0,1,0,0,0,0
1176007,113383,2022-02-05,4.9,2,185.8,1,0,0,0,1,0,0,0,0
1243789,144740,2022-09-17,5.6,3,248.5,1,0,0,0,1,0,0,0,0
1258274,293799,2021-03-17,6.3,5,499.4,1,0,0,0,1,0,0,0,0
1699887,146508,2020-03-15,5.9,3,255.6,1,0,0,0,1,0,0,0,0
1737825,30704,2020-02-27,7.0,2,120.5,0,1,0,0,0,0,0,0,1
1348687,421533,2022-03-23,5.7,6,512.1,0,0,0,1,1,0,0,0,0
1571579,235169,2022-03-16,5.8,4,371.8,0,0,1,0,1,0,0,0,0
1743161,79705,2021-11-19,4.4,2,159.2,0,0,1,0,0,0,1,0,0
1360727,291480,2020-05-13,4.3,4,357.3,0,0,0,1,1,0,0,0,0
1118440,216062,2020-07-26,6.8,4,340.2,1,0,0,0,1,0,0,0,0
1957388,294940,2020-12-03,7.0,4,361.1,0,0,0,1,1,0,0,0,0
1395988,173881,2021-11-17,5.6,3,217.1,0,0,0,1,0,0,0,0,0
1589535,165521,2022-09-28,5.9,3,266.3,1,0,0,0,0,0,0,0,0
1657233,73212,2022-12-26,6.1,2,154.4,1,0,0,0,0,0,1,0,0
1259142,504513,2022-03-15,4.0,6,589.8,0,0,0,1,1,0,0,0,0
1285719,211525,2021-11-28,10.5,3,253.4,0,0,0,1,0,0,0,0,0
1051344,202383,2021-03-29,11.5,3,263.7,0,0,1,0,1,0,0,0,0
1885610,237387,2020-02-11,6.6,3,282.2,0,0,0,1,1,0,0,0,0
1635218,457767,2021-09-12,5.5,6,588.7,0,0,0,1,1,0,0,0,0
1301257,283390,2021-07-19,7.9,4,354.6,0,0,0,1,1,0,0,0,0
1758416,469077,2021-03-25,5.5,6,559.6,0,0,0,1,1,0,0,0,0
1005837,279159,2021-05-17,5.9,5,454.9,1,0,0,0,1,0,0,0,0
1686480,215839,2020-09-15,8.4,3,256.1,0,0,0,1,1,0,0,0,0
1849732,283396,2021-11-13,5.9,5,418.6,0,0,1,0,1,0,0,0,0
1324648,399945,2020-01-09,8.7,6,579.6,0,0,1,0,1,0,0,0,0
1159691,243332,2021-11-10,8.2,6,524.9,0,1,0,0,1,0,0,0,0
1499211,88900,2020-08-06,4.9,3,230.0,0,1,0,0,0,0,1,0,0
1933868,324034,2022-03-27,7.8,5,409.5,0,0,0,1,1,0,0,0,0
1104838,300469,2021-11-17,7.2,4,383.9,0,0,0,1,1,0,0,0,0
1707034,195084,2022-09-30,4.5,3,247.9,0,0,1,0,1,0,0,0,0
1422449,142499,2021-08-21,6.0,3,248.0,1,0,0,0,1,0,0,0,0
1872969,277024,2021-01-27,8.9,4,351.1,0,0,0,1,1,0,0,0,0
1664607,292649,2020-07-24,9.2,6,517.3,1,0,0,0,1,0,0,0,0
1018486,161323,2020-12-06,8.3,3,248.3,0,0,1,0,1,0,0,0,0
1356331,353778,2021-07-21,5.7,6,539.7,0,0,1,0,1,0,0,0,0
1687723,442038,2021-06-27,5.3,6,570.0,0,0,0,1,1,0,0,0,0
1740928,276304,2022-09-02,7.1,6,572.7,0,1,0,0,1,0,0,0,0
1995152,73992,2020-01-13,2.9,2,130.6,0,0,0,1,0,0,1,0,0
1522375,50793,2021-08-27,4.6,2,121.6,1,0,0,0,0,0,1,0,0
1981059,358661,2021-11-30,3.2,5,498.6,0,0,1,0,1,0,0,0,0
1821781,422933,2020-03-03,6.8,6,537.9,0,0,0,1,1,0,0,0,0
1103196,103173,2021-08-03,8.1,3,217.5,0,0,1,0,0,0,1,0,0
1875216,324721,2022-12-17,4.7,5,446.0,0,0,1,0,1,0,0,0,0
1509081,205393,2021-05-29,6.4,4,305.6,0,0,1,0,1,0,0,0,0
1922046,301855,2020-11-21,5.5,6,586.0,0,1,0,0,0,0,0,0,0
1663993,360950,2021-08-30,6.7,6,502.9,0,0,1,0,1,0,0,0,0
1140298,83203,2020-11-29,6.8,2,136.7,0,0,0,1,0,0,1,0,0
1044679,252681,2021-09-01,6.9,4,355.0,0,0,1,0,1,0,0,0,0
1710155,58677,2020-12-11,5.9,2,145.6,0,0,0,1,0,0,0,0,1
1350280,368903,2020-01-09,8.9,6,511.1,0,0,1,0,0,0,0,0,0
1746052,183085,2020-03-09,4.4,4,373.3,0,1,0,0,0,0,0,0,0
1282336,278957,2020-04-03,4.6,5,400.4,0,0,1,0,1,0,0,0,0
1666848,288124,2020-09-04,7.0,5,410.5,0,0,1,0,1,0,0,0,0
1843549,291913,2022-01-19,7.0,4,389.9,0,0,1,0,1,0,0,0,0
1939007,193007,2020-07-23,6.9,3,242.4,0,0,0,1,0,0,0,0,0
1136950,66673,2022-07-24,7.3,2,171.7,0,0,0,1,0,0,0,0,1
1724396,315038,2021-02-16,4.2,5,464.7,0,0,0,0,1,0,0,0,0
1987790,70989,2022-09-03,5.8,3,200.6,0,0,1,0,0,0,0,0,1
1500725,254259,2022-03-21,8.4,4,343.8,0,0,0,0,1,0,0,0,0
1814426,349431,2022-05-18,6.5,5,435.5,0,0,0,1,1,0,0,0,0
1075964,50487,2021-05-14,4.5,2,145.4,0,0,1,0,0,0,0,0,1
1448500,179047,2022-10-30,8.6,3,297.8,1,0,0,0,0,0,0,0,0
1883807,368388,2021-12-22,4.0,5,485.2,0,0,0,1,1,0,0,0,0
1047819,141260,2022-09-02,5.5,3,286.7,0,1,0,0,1,0,0,0,0
1664425,82861,2020-07-29,4.8,3,207.9,0,0,0,1,0,0,0,0,1
1591027,261578,2021-05-12,8.4,4,338.9,0,0,0,1,1,0,0,0,0
1737414,261457,2020-03-23,6.0,5,454.1,1,0,0,0,1,0,0,0,0
1175659,314047,2021-10-27,6.8,5,401.8,0,0,0,1,1,0,0,0,0
1313150,51651,2022-12-15,7.1,2,118.1,1,0,0,0,0,0,1,0,0
1135470,64622,2022-12-14,3.8,2,149.3,1,0,0,0,0,0,1,0,0
1711579,182753,2021-04-21,5.4,4,343.1,0,1,0,0,1,0,0,0,0
1828008,222748,2020-06-25,4.6,4,371.1,1,0,0,0,1,0,0,0,0
1466880,297063,2022-05-24,5.5,5,466.2,1,0,0,0,1,0,0,0,0
1620118,316891,2021-06-12,7.3,5,444.9,0,0,0,1,1,0,0,0,0
1967287,109877,2021-09-05,9.0,3,239.0,0,1,0,0,1,0,0,0,0
1518604,295782,2020-07-16,3.5,4,354.8,0,0,0,1,0,0,0,0,0
1699228,203758,2021-02-26,6.5,5,409.0,0,1,0,0,1,0,0,0,0
1635060,40109,2020-11-06,5.2,2,136.2,1,0,0,0,0,0,0,0,1
1099961,401701,2020-11-21,4.2,6,573.2,0,0,1,0,0,0,0,0,0
1459954,175759,2020-03-27,6.5,3,262.7,0,0,1,0,1,0,0,0,0
1048707,412947,2021-04-18,7.1,6,598.7,0,0,1,0,1,0,0,0,0
1755042,132601,2022-05-10,6.7,3,216.4,1,0,0,0,0,0,0,0,0
1992509,63407,2021-05-21,2.6,2,119.9,0,0,1,0,0,0,1,0,0
1734487,61746,2021-02-03,5.7,2,169.5,0,0,1,0,0,0,0,0,1
1548850,310816,2022-09-22,5.2,5,478.8,0,0,1,0,1,0,0,0,0
1659767,190094,2022-06-22,9.9,3,257.8,0,0,1,0,0,0,0,0,0
1915994,395158,2021-08-07,8.4,6,522.1,0,0,1,0,1,0,0,0,0
1600307,224787,2021-01-31,3.8,5,432.6,0,1,0,0,1,0,0,0,0
1456035,299148,2022-03-20,7.4,5,419.1,0,0,1,0,1,0,0,0,0
1405097,242077,2020-07-29,4.5,5,429.7,1,0,0,0,1,0,0,0,0
1322729,72850,2022-11-18,8.1,3,202.0,0,0,1,0,0,0,0,0,1
1370378,201231,2020-08-17,6.7,4,304.3,0,0,1,0,1,0,0,0,0
1064136,409836,2021-07-23,3.3,6,593.6,0,0,1,0,1,0,0,0,0
1542454,227823,2022-05-17,4.9,4,308.2,0,0,0,1,1,0,0,0,0
1403039,46401,2021-12-03,5.6,2,103.7,1,0,0,0,0,0,1,0,0
1293951,342599,2021-06-13,4.7,5,450.6,0,0,0,1,1,0,0,0,0
1510857,473149,2022-04-23,6.8,6,583.7,0,0,0,1,1,0,0,0,0
1411597,168916,2020-07-23,7.3,4,301.3,1,0,0,0,1,0,0,0,0
1353946,209450,2020-09-08,5.5,3,292.3,0,0,1,0,1,0,0,0,0
1215254,117038,2022-02-27,5.2,3,237.2,0,0,1,0,0,0,1,0,0
1545161,69303,2022-10-02,7.5,2,124.3,0,0,1,0,0,0,1,0,0
1725497,397427,2021-12-06,6.6,6,589.6,1,0,0,0,1,0,0,0,0
1146287,202545,2022-02-16,1.8,4,332.3,1,0,0,0,0,0,0,0,0
1468812,259943,2020-01-05,4.8,5,440.8,1,0,0,0,1,0,0,0,0
1670747,283838,2020-09-07,6.8,6,570.8,0,1,0,0,1,0,0,0,0
1860833,433885,2021-10-03,3.8,6,514.8,0,0,0,1,1,0,0,0,0
1699343,312292,2020-10-31,7.6,5,455.6,0,0,1,0,0,0,0,0,0
1091146,372315,2022-11-12,1.6,5,444.2,0,0,0,1,1,0,0,0,0
1910905,240596,2021-06-12,6.8,4,338.0,0,0,1,0,1,0,0,0,0
1757253,223947,2021-06-01,6.8,3,291.7,0,0,0,0,1,0,0,0,0
1487718,189826,2021-08-06,5.9,3,268.1,0,0,1,0,1,0,0,0,0
1021690,300441,2022-04-21,3.3,4,378.6,0,0,0,1,1,0,0,0,0
1721740,282487,2020-06-11,8.0,5,427.0,0,0,1,0,1,0,0,0,0
1493815,145818,2022-04-14,8.0,2,184.4,0,0,0,1,1,0,0,0,0
1672014,198392,2022-01-01,5.2,4,349.4,1,0,0,0,0,0,0,0,0
1665493,369624,2022-05-10,3.0,6,529.1,0,0,1,0,1,0,0,0,0
1871450,97161,2021-08-24,7.4,2,180.8,0,0,1,0,0,0,1,0,0
1127386,291031,2021-09-23,9.0,4,377.6,0,0,0,1,1,0,0,0,0
1033640,157763,2021-04-12,6.1,3,253.9,1,0,0,0,0,0,0,0,0
1132814,71943,2021-05-11,6.7,2,115.1,0,0,0,1,0,0,1,0,0
1064516,342012,2022-01-19,6.8,5,478.6,0,0,0,1,1,0,0,0,0
1045551,334174,2022-12-16,5.3,5,488.5,0,0,1,0,1,0,0,0,0
1442937,243545,2021-03-24,7.9,4,350.8,0,0,1,0,1,0,0,0,0
1235337,178427,2022-03-15,7.9,3,267.0,0,0,1,0,1,0,0,0,0
1641603,99054,2020-06-10,9.3,2,160.6,0,0,0,1,0,0,1,0,0
1864897,364606,2021-04-08,3.0,6,580.3,1,0,0,0,1,0,0,0,0
1758049,106355,2021-05-11,4.6,2,186.0,0,0,0,1,0,0,1,0,0
1870516,241730,2021-01-19,1.5,4,350.6,0,0,1,0,1,0,0,0,0
1138096,164412,2021-11-10,4.8,3,270.3,1,0,0,0,1,0,0,0,0
1076011,328884,2022-07-13,6.4,5,411.2,0,0,0,1,1,0,0,0,0
1364811,307128,2020-06-23,7.6,5,435.3,0,0,1,0,1,0,0,0,0
1900796,369938,2021-12-25,5.1,6,523.0,0,0,1,0,1,0,0,0,0
1751441,219746,2021-07-14,10.8,3,261.8,0,0,0,1,1,0,0,0,0
1112585,242954,2021-09-09,8.9,5,479.5,0,1,0,0,1,0,0,0,0
1412299,327931,2021-11-19,5.8,4,396.9,0,0,0,1,1,0,0,0,0
1911902,219360,2021-05-25,4.4,3,295.7,0,0,0,1,1,0,0,0,0
1308034,395224,2020-11-29,6.9,5,454.9,0,0,0,1,1,0,0,0,0
1736423,195166,2020-01-07,5.9,3,262.3,0,0,1,0,1,0,0,0,0
1236200,269308,2021-10-02,3.4,4,328.9,0,0,0,1,1,0,0,0,0
1582462,42887,2021-10-09,2.7,2,114.1,0,0,0,1,0,0,0,0,1
1219851,169837,2021-06-23,3.4,3,250.4,0,0,1,0,1,0,0,0,0
1528991,257328,2020-11-02,8.0,4,396.3,0,0,1,0,1,0,0,0,0
1483706,378939,2020-11-30,3.4,6,545.0,0,0,1,0,1,0,0,0,0
1515009,295841,2021-09-22,2.9,5,449.5,0,0,1,0,0,0,0,0,0
1680567,69399,2020-08-01,7.0,2,199.4,0,0,1,0,0,0,0,0,1
1139708,217875,2022-03-24,7.4,4,331.3,0,0,1,0,1,0,0,0,0
1252193,247159,2021-12-19,5.4,4,336.8,0,0,0,1,1,0,0,0,0
1477649,335390,2021-02-01,5.9,5,456.9,0,0,1,0,1,0,0,0,0
1551901,311331,2021-07-20,5.8,5,463.6,0,0,1,0,1,0,0,0,0
1685455,251617,2020-01-09,4.5,5,477.7,0,1,0,0,1,0,0,0,0
1537754,204612,2022-06-27,5.4,3,286.8,0,0,1,0,1,0,0,0,0
1673726,205908,2021-12-23,4.6,4,336.5,1,0,0,0,1,0,0,0,0
1635137,294888,2020-03-03,6.1,6,549.1,0,1,0,0,1,0,0,0,0
1719944,259774,2020-09-04,9.4,4,355.2,0,0,1,0,1,0,0,0,0
1999721,293483,2020-10-26,6.9,4,398.5,0,0,1,0,1,0,0,0,0
1883673,92500,2020-04-24,4.5,2,155.0,0,0,0,0,0,0,1,0,0
1366738,381268,2022-11-03,7.2,6,533.5,0,0,1,0,1,0,0,0,0
1672551,66279,2020-07-08,4.8,3,206.2,1,0,0,0,0,0,0,0,1
1950864,125962,2020-08-18,1.4,3,226.0,0,0,1,0,0,0,1,0,0
1047506,218005,2020-11-15,2.5,3,262.3,0,0,0,1,1,0,0,0,0
1983578,110611,2020-03-21,6.6,2,182.4,0,0,0,1,0,0,1,0,0
1646721,419332,2021-10-19,2.6,6,501.8,0,0,0,1,1,0,0,0,0
1526063,85286,2021-07-30,8.8,2,188.2,0,1,0,0,1,0,0,0,0
1788006,81248,2022-11-20,8.0,3,231.3,0,0,1,0,0,0,0,0,1
1178486,233131,2020-04-12,5.8,4,336.5,0,0,1,0,1,0,0,0,0
1094616,343161,2021-08-31,6.1,5,408.6,0,0,0,1,1,0,0,0,0
1036834,170525,2020-08-04,6.0,3,265.2,0,0,1,0,1,0,0,0,0
1563097,237056,2020-11-13,7.2,3,293.8,0,0,0,1,1,0,0,0,0
1133447,83297,2021-01-28,9.2,3,219.1,0,0,0,1,0,0,0,0,1
1360641,105307,2022-05-16,8.5,3,202.3,0,0,1,0,0,0,1,0,0
1960094,62837,2021-07-07,4.7,2,187.5,0,0,1,0,0,0,0,0,1
1170760,206257,2021-05-21,4.6,3,274.7,0,0,1,0,1,0,0,0,0
1850626,214877,2022-04-19,4.6,4,307.3,0,0,1,0,1,0,0,0,0
1312145,77512,2020-06-18,6.5,2,170.1,1,0,0,0,0,0,1,0,0
1803386,118275,2021-10-07,9.2,3,201.6,0,0,0,1,0,0,1,0,0
1586625,89628,2022-03-28,7.5,2,193.6,1,0,0,0,0,0,1,0,0
1244583,280515,2021-08-11,7.6,5,401.1,0,0,1,0,1,0,0,0,0
1549655,71413,2021-03-15,7.3,2,192.4,0,1,0,0,0,0,1,0,0
1851172,304871,2020-05-13,2.3,5,443.8,0,0,1,0,1,0,0,0,0
1732469,172248,2020-05-17,8.6,3,284.4,1,0,0,0,1,0,0,0,0
1544469,254646,2022-04-13,5.6,5,404.2,1,0,0,0,1,0,0,0,0
1062533,315295,2022-10-27,4.8,6,513.9,1,0,0,0,1,0,0,0,0
1271940,170545,2020-06-04,7.0,4,349.3,0,1,0,0,1,0,0,0,0
1743394,76063,2022-05-14,4.6,2,133.5,0,0,0,1,0,0,1,0,0
1407264,231257,2021-02-04,11.6,5,465.1,0,1,0,0,1,0,0,0,0
1334580,381993,2020-06-08,5.5,5,490.2,0,0,1,0,1,0,0,0,0
1307040,212913,2020-06-19,8.0,3,260.6,0,0,0,1,1,0,0,0,0
1286998,315480,2021-10-26,8.5,6,540.7,1,0,0,0,1,0,0,0,0
1336202,90218,2020-01-30,7.3,3,209.6,1,0,0,0,0,0,1,0,0
1340649,55411,2021-09-12,6.4,2,113.0,0,0,0,0,0,0,1,0,0
1326085,191358,2021-12-22,4.3,3,289.2,0,0,1,0,1,0,0,0,0
1561565,224404,2020-01-23,7.7,4,312.7,0,0,1,0,1,0,0,0,0
1412586,179849,2020-07-22,4.6,4,345.7,0,1,0,0,1,0,0,0,0
1045210,196553,2020-03-06,6.5,3,279.7,0,0,1,0,1,0,0,0,0
1139390,132222,2020-08-06,7.9,3,203.8,0,0,0,1,0,0,1,0,0
1914580,155535,2020-03-01,5.9,3,223.9,0,0,1,0,1,0,0,0,0
1525754,417292,2020-05-31,4.5,5,468.5,0,0,0,0,1,0,0,0,0
1249804,402797,2020-02-03,7.0,6,502.4,0,0,0,1,1,0,0,0,0
1233422,245596,2022-05-20,7.3,4,302.5,0,0,0,0,1,0,0,0,0
1506579,182939,2022-07-29,6.7,3,263.4,0,0,1,0,1,0,0,0,0
1806013,282869,2020-11-29,3.5,6,575.1,0,1,0,0,1,0,0,0,0
1122070,78794,2020-07-22,5.8,3,200.4,0,1,0,0,0,0,1,0,0
1225109,295388,2022-04-28,7.6,5,465.0,1,0,0,0,1,0,0,0,0
1408410,261754,2022-04-07,8.5,5,498.1,0,1,0,0,1,0,0,0,0
1382549,32595,2021-11-15,5.8,2,105.7,1,0,0,0,0,0,0,0,1
1556095,395941,2020-08-22,4.7,6,568.2,0,0,1,0,1,0,0,0,0
1222880,56699,2022-01-29,3.5,2,149.9,0,0,0,1,0,0,0,0,1
1885186,46894,2022-02-06,8.5,2,107.2,1,0,0,0,0,0,1,0,0
1924850,69717,2020-07-22,4.4,3,221.1,1,0,0,0,0,0,0,0,1
1269238,332034,2020-10-31,6.8,6,500.8,0,0,1,0,1,0,0,0,0
1556467,191381,2022-11-25,9.7,3,272.1,0,0,1,0,1,0,0,0,0
1357975,325876,2022-10-08,3.1,5,445.2,0,0,1,0,1,0,0,0,0
1153743,327218,2021-12-12,6.2,6,530.7,1,0,0,0,1,0,0,0,0
1237280,218892,2020-05-31,2.8,4,345.5,0,0,1,0,1,0,0,0,0
1745475,220707,2022-06-26,2.6,5,451.7,0,1,0,0,1,0,0,0,0
1137705,82074,2022-10-16,4.3,2,133.2,0,0,0,0,0,0,1,0,0
1941449,201621,2020-01-03,8.4,3,298.9,0,0,1,0,1,0,0,0,0
1407703,372761,2022-03-08,4.4,6,522.6,0,0,0,1,1,0,0,0,0
1580905,268945,2020-03-01,6.1,5,411.2,0,0,1,0,1,0,0,0,0
1587710,404655,2022-12-24,5.8,6,585.1,0,0,1,0,1,0,0,0,0
1618772,343958,2022-03-06,7.8,5,476.8,0,0,1,0,1,0,0,0,0
1891781,71283,2022-11-14,9.1,2,151.7,0,0,1,0,0,0,1,0,0
1766923,64484,2021-10-13,7.9,2,120.0,0,0,1,0,0,0,1,0,0
1299198,82353,2022-10-08,4.2,2,162.7,0,0,1,0,0,0,1,0,0
1665547,285215,2021-02-03,5.2,6,589.6,0,1,0,0,1,0,0,0,0
1296099,54362,2021-06-24,3.8,2,166.5,1,0,0,0,0,0,0,0,1
1152072,212136,2020-12-15,6.4,4,341.3,1,0,0,0,1,0,0,0,0
1803049,219954,2021-06-26,2.3,4,379.7,1,0,0,0,1,0,0,0,0
1702505,128510,2020-05-14,6.5,3,238.8,0,0,1,0,0,1,0,0,0
1245803,130473,2020-11-14,8.5,3,275.1,0,1,0,0,1,0,0,0,0
1489487,275981,2022-02-19,5.6,6,538.5,0,1,0,0,1,0,0,0,0
1825147,386064,2021-09-01,3.6,6,546.3,0,0,1,0,1,0,0,0,0
1611591,115585,2021-12-11,10.3,2,182.2,0,0,1,0,1,0,0,0,0
1273651,52420,2020-10-25,4.4,2,139.8,0,0,0,1,0,0,0,0,1
1778053,290766,2021-10-28,8.8,4,366.2,0,0,0,1,1,0,0,0,0
1261270,448696,2020-08-11,4.5,6,553.9,0,0,0,1,0,0,0,0,0
1233689,235595,2020-10-21,4.0,5,432.5,0,1,0,0,1,0,0,0,0
1226316,122601,2021-06-04,4.6,3,232.8,0,1,0,0,1,0,0,0,0
1400196,98060,2020-01-31,5.1,3,201.7,0,0,1,0,0,0,1,0,0
1266714,252023,2022-11-19,6.1,4,361.1,0,0,1,0,1,0,0,0,0
1652149,132859,2021-06-09,5.8,3,231.1,1,0,0,0,0,0,0,0,0
1665042,262541,2022-04-22,4.3,6,507.5,0,1,0,0,1,0,0,0,0
1665574,45690,2022-11-15,7.5,2,100.3,1,0,0,0,0,0,1,0,0
1960691,99119,2021-10-24,6.6,3,212.8,1,0,0,0,0,0,1,0,0
1314027,322016,2022-06-19,7.2,5,483.3,0,0,1,0,1,0,0,0,0
1147990,60625,2022-09-05,6.0,2,101.7,0,0,0,1,0,0,1,0,0
1274479,76855,2022-08-29,6.6,2,182.8,0,0,0,1,0,0,0,0,1
1174758,332467,2020-04-28,8.7,5,458.7,0,0,1,0,0,0,0,0,0
1270531,220353,2021-12-23,7.0,4,383.8,1,0,0,0,1,0,0,0,0
1913428,51649,2020-01-28,7.4,2,145.8,0,1,0,0,0,0,1,0,0
1415208,370787,2020-08-16,5.3,6,569.9,0,0,1,0,1,0,0,0,0
1064698,45205,2021-07-16,6.4,2,131.6,0,0,1,0,0,0,0,1,0
1393237,283788,2022-11-10,5.9,5,497.5,1,0,0,0,1,0,0,0,0
1339548,457127,2020-10-06,5.5,6,592.5,0,0,0,1,1,0,0,0,0
1395143,244834,2021-09-20,3.6,5,421.7,1,0,0,0,1,0,0,0,0
1774226,218324,2021-09-29,6.9,4,327.5,0,0,1,0,1,0,0,0,0
1886672,243865,2021-10-04,7.4,4,336.5,0,0,1,0,1,0,0,0,0
1903161,245827,2022-08-06,7.3,5,406.4,1,0,0,0,1,0,0,0,0
1152822,193125,2020-12-30,6.9,3,285.7,0,0,1,0,1,0,0,0,0
1349895,236439,2022-02-20,5.0,4,327.7,0,0,1,0,1,0,0,0,0
1474508,350224,2022-09-14,4.4,6,526.0,0,0,1,0,1,0,0,0,0
1402660,130170,2020-03-01,3.9,2,182.8,0,0,1,0,1,0,0,0,0
1270480,67802,2020-08-12,5.0,2,106.3,0,0,0,1,0,0,1,0,0
1957725,387835,2020-10-09,9.6,6,564.7,0,0,1,0,1,0,0,0,0
1526513,229170,2022-05-11,8.3,5,463.9,0,1,0,0,1,0,0,0,0
1346945,274344,2020-06-14,8.4,5,466.6,1,0,0,0,1,0,0,0,0
1622041,432173,2020-03-05,3.3,6,599.5,0,0,1,0,1,0,0,0,0
1612349,80950,2021-12-27,5.8,2,130.6,0,0,0,1,0,0,1,0,0
1629642,135574,2020-09-24,2.2,2,190.1,0,0,1,0,1,0,0,0,0
1310526,300525,2022-10-22,6.8,6,570.6,0,1,0,0,1,0,0,0,0
1879091,209767,2020-11-04,8.2,3,299.5,0,0,1,0,1,0,0,0,0
1317783,250797,2020-11-12,6.9,6,541.1,0,1,0,0,1,0,0,0,0
1499712,289751,2022-04-05,5.4,5,403.7,0,0,1,0,1,0,0,0,0
1835838,173773,2022-12-24,7.1,4,370.7,0,1,0,0,1,0,0,0,0
1403013,188910,2022-07-04,6.8,4,319.5,1,0,0,0,1,0,0,0,0
1253695,292318,2020-05-12,7.2,5,406.3,0,0,0,0,1,0,0,0,0
1825018,237130,2022-09-08,4.7,5,434.7,1,0,0,0,1,0,0,0,0
1290297,299078,2022-12-24,6.6,4,361.6,0,0,0,1,1,0,0,0,0
1513609,89167,2022-11-11,5.9,2,164.1,0,0,1,0,0,0,1,0,0
1680108,122695,2022-05-08,4.1,3,219.2,0,0,1,0,0,0,1,0,0
1536829,210018,2021-06-19,7.7,4,351.1,1,0,0,0,1,0,0,0,0
1988566,384349,2021-07-14,7.2,5,455.8,0,0,0,1,1,0,0,0,0
1237950,371594,2021-05-30,6.6,6,518.4,0,0,1,0,1,0,0,0,0
1848799,310817,2021-07-30,6.9,5,475.5,1,0,0,0,0,0,0,0,0
1866538,61086,2021-07-01,8.0,2,169.5,0,0,1,0,0,0,0,0,1
1489036,84418,2020-07-20,6.9,2,133.0,0,0,0,1,0,0,1,0,0
1069572,463700,2020-07-16,2.7,6,591.2,0,0,0,1,1,0,0,0,0
1360687,267315,2022-05-25,6.2,4,371.4,0,0,1,0,1,0,0,0,0
1764310,246964,2022-09-04,7.7,4,390.8,0,0,1,0,1,0,0,0,0
1783178,181586,2021-12-04,7.7,3,232.7,0,0,0,1,1,0,0,0,0
1522263,270089,2022-09-16,4.6,4,377.5,0,0,1,0,1,0,0,0,0
1009325,194897,2021-07-24,6.7,4,394.8,0,1,0,0,1,0,0,0,0
1409940,334251,2020-12-12,5.1,6,539.5,0,0,0,0,1,0,0,0,0
1203325,224991,2021-04-24,5.9,3,296.3,0,0,1,0,1,0,0,0,0
1865764,67103,2020-11-04,6.8,3,237.6,1,0,0,0,0,0,0,0,1
1877749,216231,2021-04-03,5.5,3,256.7,0,0,0,1,0,0,0,0,0
1183553,320124,2020-09-27,6.8,5,428.9,0,0,0,1,1,0,0,0,0
1124567,64584,2021-01-07,5.1,2,172.9,0,1,0,0,0,0,1,0,0
1889393,385238,2021-05-27,7.8,5,453.7,0,0,0,1,1,0,0,0,0
1502114,248083,2022-10-23,8.9,5,424.8,1,0,0,0,1,0,0,0,0
1171557,225972,2021-07-12,9.8,4,302.4,0,0,1,0,0,0,0,0,0
1019238,199495,2021-05-11,8.8,3,284.0,0,0,1,0,0,0,0,0,0
1479094,75716,2020-03-01,6.1,3,212.3,0,1,0,0,0,0,1,0,0
1422349,97538,2020-08-20,4.8,3,223.2,1,0,0,0,0,0,1,0,0
1034402,129899,2021-06-29,7.7,3,261.3,0,1,0,0,1,0,0,0,0
1943377,409284,2021-09-07,4.5,6,558.1,0,0,1,0,1,0,0,0,0
1683570,265135,2020-06-23,5.8,5,424.4,1,0,0,0,1,0,0,0,0
1632453,252808,2020-01-05,4.4,5,416.6,1,0,0,0,1,0,0,0,0
1029841,99687,2020-04-12,6.3,3,232.9,1,0,0,0,0,0,1,0,0
1510942,87391,2022-04-06,3.8,2,158.6,0,0,0,0,0,0,1,0,0
1655586,366027,2020-01-31,8.4,6,513.8,0,0,1,0,1,0,0,0,0
1276605,443580,2021-10-17,2.2,6,575.8,0,0,0,1,1,0,0,0,0
1917444,54430,2022-08-02,5.4,2,106.7,0,0,1,0,0,0,1,0,0
1094153,483527,2022-04-24,4.4,6,592.5,0,0,0,1,1,0,0,0,0
1843488,180991,2020-06-19,5.7,3,293.3,1,0,0,0,1,0,0,0,0
1437921,86553,2022-03-21,9.1,2,138.9,0,0,0,1,0,0,1,0,0
1656047,346097,2022-05-20,4.4,5,472.6,0,0,1,0,1,0,0,0,0
1169460,203695,2021-12-20,5.1,4,316.9,1,0,0,0,1,0,0,0,0
1858483,333975,2020-01-20,6.0,5,405.4,0,0,0,1,1,0,0,0,0
1771835,407825,2020-04-30,6.0,5,497.1,0,0,0,1,1,0,0,0,0
1800459,283225,2022-01-10,7.5,5,461.1,1,0,0,0,1,0,0,0,0
1682963,222156,2022-03-15,6.8,3,277.5,0,0,0,1,1,0,0,0,0
1421023,314835,2021-05-01,6.4,6,518.9,1,0,0,0,1,0,0,0,0
1415530,174921,2022-12-14,4.3,3,286.8,1,0,0,0,1,0,0,0,0
1930462,454420,2021-05-16,4.2,6,517.1,0,0,0,1,1,0,0,0,0
1037459,76795,2021-07-03,5.0,2,140.6,0,0,1,0,0,0,1,0,0
1871023,213427,2021-08-26,8.2,5,455.2,0,1,0,0,1,0,0,0,0
1250128,178195,2022-05-24,6.5,3,281.5,0,0,1,0,1,0,0,0,0
1180611,212812,2020-09-08,4.6,3,249.2,0,0,0,1,1,0,0,0,0
1908090,388118,2020-08-30,7.3,5,467.5,0,0,0,0,1,0,0,0,0
1035958,138353,2022-01-29,6.2,3,212.0,0,0,0,1,0,1,0,0,0
1833753,403940,2020-01-03,5.7,6,526.3,0,0,0,1,1,0,0,0,0
1281890,80587,2020-10-11,6.0,2,134.7,0,0,0,1,0,0,1,0,0
1049580,201839,2021-07-15,7.2,3,257.8,0,0,0,1,1,0,0,0,0
1166868,213801,2021-11-19,4.9,3,292.9,0,0,1,0,1,0,0,0,0
1464727,301698,2020-05-19,6.2,5,444.2,0,0,1,0,1,0,0,0,0
1805787,301352,2022-06-15,4.6,4,386.1,0,0,1,0,0,0,0,0,0
1552531,193803,2022-04-22,8.5,3,268.2,0,0,1,0,1,0,0,0,0
1521271,138603,2021-11-03,10.6,4,304.2,0,1,0,0,1,0,0,0,0
1167348,265863,2021-04-18,2.4,5,470.3,1,0,0,0,0,0,0,0,0
1290077,214252,2020-05-28,4.6,4,349.5,1,0,0,0,1,0,0,0,0
1150869,213061,2022-07-10,6.2,4,373.3,1,0,0,0,1,0,0,0,0
1128031,322419,2020-01-20,5.7,5,403.8,0,0,0,1,1,0,0,0,0
1168990,70157,2022-06-03,3.8,2,196.1,0,0,1,0,0,0,0,0,1
1842451,354734,2022-05-08,2.9,5,497.6,0,0,1,0,1,0,0,0,0
1463399,53281,2020-04-09,5.0,2,136.7,1,0,0,0,0,0,1,0,0
1857954,239130,2021-11-14,4.9,4,371.4,1,0,0,0,1,0,0,0,0
1658810,130772,2022-10-17,7.6,3,207.9,0,0,0,1,0,0,1,0,0
1095867,359823,2022-04-18,5.1,6,503.8,0,0,1,0,1,0,0,0,0
1753061,296112,2020-12-15,4.9,5,470.6,1,0,0,0,0,0,0,0,0
1637988,303957,2020-07-26,5.6,5,468.3,1,0,0,0,1,0,0,0,0
1980005,477670,2020-10-26,5.0,6,575.5,0,0,0,1,1,0,0,0,0
1146564,176950,2020-10-03,5.1,3,227.0,0,0,0,1,1,0,0,0,0
1928734,53754,2020-12-28,4.9,2,177.3,1,0,0,0,0,0,0,0,1
1702512,417302,2022-02-12,6.5,6,597.2,0,0,1,0,1,0,0,0,0
1281449,184344,2022-01-01,5.2,3,292.9,1,0,0,0,1,0,0,0,0
1988150,193043,2021-09-29,5.4,3,273.0,0,0,1,0,1,0,0,0,0
1458307,457198,2022-04-30,5.1,6,554.9,0,0,0,1,1,0,0,0,0
1930561,417872,2020-10-03,2.8,6,569.7,0,0,0,1,1,0,0,0,0
1995994,371174,2021-10-16,5.5,5,442.1,0,0,0,1,1,0,0,0,0
1127944,55679,2021-12-03,6.1,2,162.3,0,0,1,0,0,0,0,0,1
1121170,343058,2021-03-15,3.9,6,508.2,0,0,1,0,1,0,0,0,0
1520725,245075,2022-04-22,4.6,5,495.8,0,1,0,0,1,0,0,0,0
1071136,54524,2021-02-16,8.5,2,155.0,0,0,1,0,0,0,0,0,1
1916474,317340,2021-08-31,5.2,6,512.1,1,0,0,0,1,0,0,0,0
1256263,378315,2021-02-20,4.4,6,571.1,1,0,0,0,1,0,0,0,0
1477196,91504,2022-04-13,5.8,3,218.3,1,0,0,0,0,0,1,0,0
1635707,472319,2021-04-22,3.0,6,568.1,0,0,0,1,1,0,0,0,0
1251587,94106,2021-02-13,2.4,2,186.4,1,0,0,0,0,0,1,0,0
1450091,345766,2020-07-29,5.5,5,479.0,0,0,0,0,1,0,0,0,0
1011982,215635,2020-01-10,7.2,4,304.3,0,0,0,1,1,0,0,0,0
1008985,417387,2022-10-12,7.0,6,537.2,0,0,0,1,1,0,0,0,0
1529751,341815,2022-12-08,7.3,6,540.0,0,0,0,0,1,0,0,0,0
1679022,274460,2021-09-30,5.9,4,353.1,0,0,0,1,1,0,0,0,0
1570368,173455,2020-10-26,7.2,4,304.0,1,0,0,0,1,0,0,0,0
1451623,339267,2020-03-21,2.2,6,561.6,0,0,0,0,0,0,0,0,0
1130844,471787,2021-09-14,5.2,6,553.6,0,0,0,1,1,0,0,0,0
1640403,292090,2021-07-31,7.8,5,489.4,1,0,0,0,0,0,0,0,0
1760892,211168,2021-05-29,5.7,4,340.3,1,0,0,0,1,0,0,0,0
1475202,255234,2022-03-23,4.3,4,361.3,0,0,1,0,1,0,0,0,0
1596659,179348,2022-12-06,7.3,3,243.0,0,0,1,0,1,0,0,0,0
1967491,466304,2022-10-20,5.9,6,578.5,0,0,0,1,1,0,0,0,0
1848891,258820,2021-03-08,4.0,6,586.7,0,1,0,0,1,0,0,0,0
1508452,337815,2020-02-06,4.9,6,505.0,0,0,1,0,1,0,0,0,0
1482995,398520,2022-01-10,7.5,5,498.3,0,0,0,1,1,0,0,0,0
1662358,217070,2021-01-15,6.3,4,360.8,1,0,0,0,0,0,0,0,0
1560595,146023,2020-11-09,6.8,3,283.8,0,1,0,0,0,0,0,0,0
1375107,185748,2021-09-28,4.4,4,305.7,1,0,0,0,1,0,0,0,0
1471399,455923,2020-02-22,6.3,6,591.5,0,0,0,1,1,0,0,0,0
1330277,41402,2021-07-22,5.0,2,102.0,0,0,0,1,0,0,0,0,1
1855564,437908,2021-03-01,7.3,6,536.0,0,0,0,1,1,0,0,0,0
1624270,108871,2021-05-22,2.9,2,191.4,0,0,1,0,0,0,1,0,0
1493721,294225,2022-07-17,6.9,5,425.4,0,0,1,0,1,0,0,0,0
1133211,312148,2022-06-11,8.3,5,428.6,0,0,0,1,1,0,0,0,0
1920396,246518,2020-04-17,6.6,5,482.6,0,1,0,0,1,0,0,0,0
1265998,241834,2022-09-30,8.5,5,423.0,1,0,0,0,1,0,0,0,0
1375134,486265,2022-04-18,5.2,6,593.4,0,0,0,1,1,0,0,0,0
1753791,320010,2022-06-27,6.7,5,456.3,0,0,1,0,1,0,0,0,0
1365938,344703,2020-01-14,4.4,5,445.4,0,0,0,1,1,0,0,0,0
1329438,277294,2022-10-06,9.5,5,412.8,0,0,1,0,1,0,0,0,0
1840774,111346,2021-02-23,5.2,2,194.2,0,0,0,1,0,0,1,0,0
1181342,242347,2020-07-22,6.9,5,485.5,0,1,0,0,1,0,0,0,0
1545670,29749,2022-09-28,5.0,2,120.1,0,1,0,0,0,0,0,0,1
1575047,44366,2021-08-03,8.0,2,119.0,0,1,0,0,0,0,1,0,0
1229099,415213,2022-04-09,3.6,6,539.9,0,0,0,1,1,0,0,0,0
1562788,198120,2020-11-21,5.7,3,257.5,0,0,0,1,1,0,0,0,0
1027380,55584,2021-01-02,8.3,2,104.9,0,0,1,0,0,0,1,0,0
1472163,179509,2022-12-23,5.3,3,288.5,0,0,1,0,1,0,0,0,0
1375835,463907,2020-09-17,5.4,6,573.0,0,0,0,1,1,0,0,0,0
1037495,300849,2021-05-22,4.7,5,493.0,0,0,1,0,0,0,0,0,0
1016104,216118,2020-08-06,6.4,4,315.9,0,0,1,0,1,0,0,0,0
1124949,280519,2022-08-02,8.4,4,388.9,0,0,1,0,1,0,0,0,0
1286904,29387,2021-11-17,3.6,2,123.4,0,1,0,0,0,0,0,0,1
1513003,315619,2022-05-26,6.2,5,435.6,0,0,1,0,1,0,0,0,0
1319066,111140,2020-07-03,4.7,2,198.4,0,0,1,0,0,1,0,0,0
1073648,276131,2021-10-14,6.5,4,356.6,0,0,0,1,1,0,0,0,0
1006587,254229,2020-09-07,1.9,4,321.2,0,0,0,1,1,0,0,0,0
1046910,383896,2020-07-19,7.0,6,574.7,1,0,0,0,1,0,0,0,0
1950356,55579,2020-04-30,3.8,2,146.3,0,1,0,0,0,0,1,0,0
1886763,237106,2022-02-19,7.6,5,413.6,1,0,0,0,1,0,0,0,0
1071798,203825,2022-11-03,3.7,3,256.4,0,0,0,1,1,0,0,0,0
1422210,66572,2021-08-20,7.6,2,134.6,1,0,0,0,0,0,1,0,0
1022222,179653,2022-07-20,3.2,3,258.1,0,0,1,0,1,0,0,0,0
1941036,86839,2022-01-20,6.4,2,173.0,0,0,1,0,0,0,1,0,0
1094843,47106,2021-04-14,6.8,2,104.0,1,0,0,0,0,0,1,0,0
1672733,51634,2021-04-06,7.3,2,113.2,1,0,0,0,0,0,1,0,0
1677755,37369,2022-07-03,3.0,2,101.7,0,0,1,0,0,0,0,0,1
1320704,37360,2022-07-01,6.1,2,107.4,0,0,1,0,0,0,0,0,1
1325825,235464,2022-11-29,5.0,5,410.4,1,0,0,0,1,0,0,0,0
1367339,70371,2022-07-20,7.2,2,133.3,0,0,1,0,0,0,1,0,0
1720211,52562,2022-10-21,5.9,2,152.4,0,0,1,0,0,0,0,0,1
1550735,131551,2021-07-24,3.6,3,215.3,0,0,0,0,1,0,0,0,0
1382132,143726,2021-07-29,4.7,3,246.3,1,0,0,0,1,0,0,0,0
1867587,301040,2021-05-08,7.3,5,446.2,0,0,1,0,1,0,0,0,0
1406280,195149,2020-04-11,3.9,3,243.7,0,0,0,1,1,0,0,0,0
1897427,97706,2020-08-04,9.3,3,234.8,0,0,0,0,0,0,0,0,1
1879622,245249,2021-07-12,5.8,5,406.1,1,0,0,0,1,0,0,0,0
1421393,36466,2021-08-25,4.6,2,144.9,0,1,0,0,0,0,0,0,1
1921024,218406,2021-05-31,5.6,4,316.8,0,0,1,0,1,0,0,0,0
1752476,156297,2020-10-09,4.3,3,273.2,1,0,0,0,1,0,0,0,0
1291189,204099,2021-09-20,3.1,3,281.8,0,0,0,1,1,0,0,0,0
1416637,77186,2020-06-05,3.3,3,225.2,0,1,0,0,0,0,1,0,0
1954944,378780,2020-05-23,4.3,6,544.9,0,0,1,0,1,0,0,0,0
1032687,43333,2020-07-21,6.0,2,114.4,0,0,1,0,0,0,0,0,1
1888036,56982,2022-08-11,7.0,2,169.5,0,0,1,0,0,0,0,0,1
1808939,327338,2020-11-13,4.8,4,359.4,0,0,0,1,1,0,0,0,0
1285895,339875,2021-01-12,3.3,5,487.1,0,0,1,0,1,0,0,0,0
1233627,419727,2020-01-20,4.5,6,526.9,0,0,0,1,1,0,0,0,0
1333860,79258,2020-06-28,3.4,2,170.4,1,0,0,0,0,1,0,0,0
1444776,284763,2021-03-23,7.2,6,578.6,0,1,0,0,1,0,0,0,0
1232228,312084,2020-03-19,6.1,5,475.3,0,0,1,0,1,0,0,0,0
1624380,64402,2020-11-16,8.4,2,170.0,0,0,0,1,0,0,0,0,1
1358710,243194,2020-04-14,4.1,5,402.6,1,0,0,0,1,0,0,0,0
1377544,444934,2021-01-02,6.6,6,591.0,0,0,1,0,0,0,0,0,0
1267290,294775,2021-11-15,6.3,5,427.8,0,0,1,0,1,0,0,0,0
1139840,423537,2021-11-23,9.7,6,579.8,0,0,1,0,1,0,0,0,0
1731052,370200,2020-02-19,5.4,6,551.0,0,0,1,0,1,0,0,0,0
1112795,304340,2021-03-11,4.7,5,415.5,0,0,1,0,1,0,0,0,0
1386473,415688,2022-09-28,6.2,6,530.9,0,0,0,1,1,0,0,0,0
1067312,263986,2020-03-12,4.1,4,367.0,0,0,1,0,1,0,0,0,0
1069910,281619,2021-10-10,9.3,5,451.5,1,0,0,0,1,0,0,0,0
1224266,258261,2021-06-28,4.6,4,361.1,0,0,1,0,1,0,0,0,0
1619080,267229,2020-07-10,7.1,4,335.1,0,0,0,1,0,0,0,0,0
1520781,234881,2022-02-08,5.3,4,338.5,0,0,1,0,1,0,0,0,0
1516889,294418,2021-09-17,1.8,6,514.5,1,0,0,0,1,0,0,0,0
1585100,319656,2020-05-16,5.4,5,441.4,0,0,1,0,1,0,0,0,0
1030379,53965,2021-08-08,5.9,2,111.2,0,0,1,0,0,0,1,0,0
1328789,232730,2022-12-24,7.2,3,277.2,0,0,0,1,1,0,0,0,0
1659651,46673,2020-02-29,6.7,2,101.0,0,0,1,0,0,0,1,0,0
1644786,261715,2020-02-22,3.2,6,552.1,0,0,0,0,1,0,0,0,0
1159201,87509,2020-12-29,5.6,2,144.1,0,0,0,1,0,0,1,0,0
1034795,247106,2022-01-04,4.6,4,383.0,0,0,1,0,1,0,0,0,0
1031796,69817,2020-10-24,2.7,3,223.2,0,0,0,0,0,0,0,0,1
1253220,168742,2022-04-29,3.1,4,313.7,1,0,0,0,1,0,0,0,0
1500771,245127,2020-09-04,5.0,4,357.2,0,0,1,0,1,0,0,0,0
1721933,278129,2021-04-17,3.4,4,342.9,0,0,0,1,1,0,0,0,0
1279074,94069,2020-02-27,6.5,3,234.1,0,0,0,1,0,0,0,0,1
1804281,142790,2021-07-24,3.5,3,241.6,1,0,0,0,1,0,0,0,0
1464675,338763,2022-06-13,7.3,6,528.4,0,0,1,0,1,0,0,0,0
1298355,75658,2021-04-05,7.2,3,228.1,0,0,0,0,0,0,0,1,0
1705357,308984,2020-01-09,6.5,5,433.9,0,0,1,0,1,0,0,0,0
1992494,65893,2020-12-06,4.8,2,104.4,0,0,0,1,0,1,0,0,0
1461222,375200,2020-06-23,10.8,5,448.3,0,0,0,1,1,0,0,0,0
1328607,242746,2022-07-04,5.0,5,487.1,0,1,0,0,1,0,0,0,0
1719924,86846,2020-09-07,2.3,3,222.3,0,0,0,1,0,0,0,0,1
1261071,206289,2022-03-02,6.2,3,291.5,0,0,1,0,1,0,0,0,0
1527872,236010,2022-09-24,5.5,4,333.9,0,0,1,0,1,0,0,0,0
1440796,400698,2022-03-13,6.5,6,574.9,0,0,1,0,1,0,0,0,0
1601956,71488,2020-05-13,7.3,2,162.1,1,0,0,0,0,0,1,0,0
1504371,111107,2022-10-31,3.5,3,220.8,0,0,0,0,1,0,0,0,0
1176745,285120,2022-07-18,2.7,5,486.7,1,0,0,0,1,0,0,0,0
1970048,83181,2022-06-01,2.3,2,130.7,0,0,0,0,0,0,1,0,0
1014145,89203,2020-10-03,8.2,3,211.2,1,0,0,0,0,0,1,0,0
1990195,312075,2021-02-25,4.3,5,492.3,1,0,0,0,1,0,0,0,0
1710943,46583,2022-01-01,5.1,2,132.6,0,1,0,0,0,1,0,0,0
1887234,375268,2020-05-20,9.5,6,566.2,0,0,1,0,1,0,0,0,0
1729121,203360,2021-09-10,7.5,3,299.1,0,0,0,0,1,0,0,0,0
1829367,88707,2022-06-14,2.5,2,157.0,0,0,0,0,0,0,1,0,0
1884153,59911,2022-11-12,1.9,2,171.5,0,0,1,0,0,0,0,0,1
1418266,398613,2020-08-02,8.0,6,550.8,0,0,1,0,1,0,0,0,0
1633185,164661,2021-03-17,8.8,4,328.9,0,1,0,0,1,0,0,0,0
1882753,88477,2020-09-24,6.5,3,224.3,0,0,0,1,0,0,0,0,1
1807802,301959,2020-02-04,5.2,6,512.8,1,0,0,0,1,0,0,0,0
1791897,125395,2022-04-04,6.6,2,185.0,0,0,1,0,1,0,0,0,0
1519372,204365,2022-05-29,8.8,3,288.2,0,0,1,0,1,0,0,0,0
1657359,379336,2021-06-24,5.9,6,594.9,1,0,0,0,1,0,0,0,0
1058044,231467,2021-01-31,4.9,5,495.8,0,1,0,0,1,0,0,0,0
1841863,89209,2021-02-25,3.8,3,206.1,1,0,0,0,0,0,1,0,0
1025825,255845,2022-08-25,5.0,4,371.8,0,0,1,0,1,0,0,0,0
1930557,124484,2022-12-01,5.2,3,232.6,0,0,1,0,0,0,1,0,0
1436257,347671,2021-06-03,4.9,5,489.1,0,0,1,0,1,0,0,0,0
1578473,379867,2022-01-16,5.7,6,598.6,1,0,0,0,1,0,0,0,0
1897283,210926,2021-01-10,3.3,3,246.5,0,0,0,0,1,0,0,0,0
1849901,416333,2021-09-05,8.7,6,583.2,0,0,1,0,1,0,0,0,0
1216336,324966,2021-10-03,5.3,6,596.6,1,0,0,0,1,0,0,0,0
1186664,87689,2020-06-25,7.9,2,183.5,0,0,1,0,0,0,1,0,0
1373696,246773,2021-12-10,9.8,4,378.9,0,0,0,0,1,0,0,0,0
1850239,155159,2021-05-29,6.5,3,269.4,1,0,0,0,1,0,0,0,0
1429619,186607,2020-09-08,5.7,4,312.5,1,0,0,0,1,0,0,0,0
1876398,282277,2021-01-04,6.8,4,388.0,0,0,1,0,1,0,0,0,0
1218910,27902,2021-02-19,7.7,2,117.6,0,1,0,0,0,0,0,0,1
1390723,206908,2021-06-11,6.3,4,304.4,0,0,0,1,1,0,0,0,0
1644934,219753,2021-08-18,0.6,5,461.1,0,1,0,0,1,0,0,0,0
1924272,290457,2021-12-29,7.3,6,543.3,1,0,0,0,1,0,0,0,0
1458707,373177,2022-10-25,5.8,6,544.7,0,0,1,0,1,0,0,0,0
1719139,261680,2020-07-19,3.8,6,537.7,0,1,0,0,1,0,0,0,0
1151354,213912,2020-03-09,3.9,4,359.4,1,0,0,0,1,0,0,0,0
1975142,398888,2021-12-17,2.0,5,482.1,0,0,0,1,1,0,0,0,0
1209442,231873,2020-07-07,5.8,4,332.0,0,0,1,0,1,0,0,0,0
1518925,170092,2022-12-21,4.5,3,281.6,1,0,0,0,1,0,0,0,0
1564211,247907,2022-05-06,5.9,5,403.7,1,0,0,0,1,0,0,0,0
1422937,51187,2020-11-08,4.9,2,122.8,0,0,0,1,0,0,0,0,1
1166911,226629,2021-06-06,7.7,3,292.2,0,0,0,1,1,0,0,0,0
1807732,221271,2021-10-23,3.9,4,312.1,0,0,1,0,1,0,0,0,0
1604508,230186,2022-07-14,4.6,4,327.7,0,0,1,0,1,0,0,0,0
1991210,76676,2021-04-03,11.3,3,214.3,0,0,1,0,0,0,0,0,1
1401675,404199,2022-12-26,8.9,6,549.0,0,0,1,0,1,0,0,0,0
1212300,280667,2020-04-16,7.0,4,391.3,0,0,1,0,1,0,0,0,0
1419111,56726,2020-12-28,3.2,2,125.9,1,0,0,0,0,0,1,0,0
1248329,351935,2022-06-26,6.2,5,493.5,0,0,0,0,1,0,0,0,0
1569660,233671,2020-02-26,4.6,4,394.5,1,0,0,0,1,0,0,0,0
1757147,241756,2020-08-31,4.9,4,370.1,0,0,1,0,1,0,0,0,0
1438805,60548,2020-04-20,5.4,2,186.6,0,0,1,0,0,0,0,0,1
1637981,258938,2021-09-23,7.9,4,333.7,0,0,0,1,1,0,0,0,0
1881658,198199,2020-02-29,7.6,4,327.2,1,0,0,0,1,0,0,0,0
1215812,92779,2021-09-27,11.7,3,205.2,1,0,0,0,0,0,1,0,0
1664399,216018,2021-01-17,3.1,4,311.0,0,0,0,0,1,0,0,0,0
1074831,329695,2020-07-15,10.4,5,423.8,0,0,0,1,1,0,0,0,0
1049200,438626,2022-01-27,3.4,6,521.8,0,0,0,1,1,0,0,0,0
1398077,275575,2022-08-04,5.7,4,348.6,0,0,0,1,1,0,0,0,0
1497976,171912,2021-01-06,8.6,4,350.0,0,1,0,0,1,0,0,0,0
1105017,305955,2022-08-18,4.1,5,492.3,1,0,0,0,1,0,0,0,0
1835489,83679,2022-07-16,6.5,2,175.7,0,0,1,0,0,0,1,0,0
1918204,252055,2022-12-29,9.5,6,533.5,0,1,0,0,1,0,0,0,0
1597975,70882,2020-11-17,4.8,3,204.5,0,0,1,0,0,0,0,0,1
1211594,284903,2022-04-10,7.8,5,421.5,0,0,1,0,1,0,0,0,0
1405523,343381,2021-06-01,6.3,5,478.0,0,0,1,0,1,0,0,0,0
1147303,159340,2020-09-16,7.0,4,324.9,0,1,0,0,1,0,0,0,0
1718392,86335,2020-05-08,5.9,2,173.8,0,0,1,0,0,0,1,0,0
1386198,34162,2021-04-09,6.5,2,113.7,1,0,0,0,0,0,0,0,1
1549639,279547,2021-12-09,7.7,4,390.2,0,0,1,0,1,0,0,0,0
1040647,201932,2021-04-24,2.2,3,294.3,0,0,1,0,0,0,0,0,0
1364727,46274,2022-08-28,7.7,2,149.6,1,0,0,0,0,0,0,0,1
1125223,227289,2021-11-03,7.6,4,394.4,1,0,0,0,1,0,0,0,0
1887321,154440,2022-09-05,5.8,3,274.5,1,0,0,0,1,0,0,0,0
1598909,332904,2020-01-05,2.9,6,524.1,1,0,0,0,1,0,0,0,0
1491632,73750,2020-06-25,3.2,3,209.9,0,0,1,0,0,0,0,0,1
1833883,321102,2020-03-16,4.0,4,389.5,0,0,0,1,1,0,0,0,0
1625589,210881,2022-06-14,2.6,4,359.7,0,0,0,0,1,0,0,0,0
1204470,341904,2022-03-07,8.9,5,408.3,0,0,0,1,1,0,0,0,0
1171863,326559,2022-03-28,3.3,5,470.1,0,0,1,0,1,0,0,0,0
1438302,286507,2021-03-20,6.5,6,550.7,0,1,0,0,1,0,0,0,0
1241963,423804,2020-01-12,2.6,6,598.2,0,0,1,0,1,0,0,0,0
1312507,74283,2022-04-12,4.7,3,232.5,1,0,0,0,0,0,0,0,1
1563994,245060,2021-01-11,5.7,3,282.1,0,0,0,1,1,0,0,0,0
1953903,277188,2021-10-09,3.6,4,360.0,0,0,1,0,1,0,0,0,0
1892453,254071,2020-07-16,5.9,4,312.4,0,0,0,1,1,0,0,0,0
1900407,409704,2021-11-14,6.4,6,502.9,0,0,0,1,1,0,0,0,0
1612365,46828,2022-11-01,8.8,2,191.8,0,1,0,0,0,0,0,0,1
1246701,285237,2022-09-13,5.6,6,554.9,0,1,0,0,1,0,0,0,0
1332844,365574,2022-11-22,3.4,6,556.6,0,0,0,0,0,0,0,0,0
1467017,250883,2020-01-09,8.2,4,321.2,0,0,1,0,1,0,0,0,0
1784355,70406,2022-06-30,7.2,2,182.2,0,1,0,0,0,0,1,0,0
1570453,152657,2020-11-26,7.3,3,298.0,0,0,0,0,1,0,0,0,0
1487508,262254,2020-05-20,6.0,4,314.8,0,0,0,1,1,0,0,0,0
1132548,97239,2022-05-30,9.0,3,234.8,0,0,0,1,0,0,0,1,0
1509587,180414,2022-08-02,3.4,3,272.3,1,0,0,0,1,0,0,0,0
1001618,282662,2020-08-15,2.4,5,482.4,1,0,0,0,1,0,0,0,0
1510070,312925,2020-01-20,6.5,5,495.4,1,0,0,0,1,0,0,0,0
1027849,249832,2021-02-24,2.8,5,441.4,1,0,0,0,1,0,0,0,0
1045313,369606,2022-07-28,7.5,6,540.3,0,0,1,0,1,0,0,0,0
1032788,45988,2022-07-08,9.4,2,116.6,0,0,0,0,0,0,0,0,1
1140256,303749,2020-06-27,5.7,5,424.8,0,0,1,0,1,0,0,0,0
1624736,331152,2020-07-15,7.8,5,414.0,0,0,0,1,1,0,0,0,0
1298353,197702,2020-06-23,7.0,4,302.0,0,0,1,0,1,0,0,0,0
1625823,251465,2020-01-19,6.2,4,324.8,0,0,0,1,1,0,0,0,0
1287690,464356,2020-12-29,4.7,6,570.8,0,0,0,1,1,0,0,0,0
1873956,314959,2021-11-10,6.9,6,545.3,1,0,0,0,1,0,0,0,0
1098103,423790,2021-04-08,9.2,6,556.6,0,0,0,1,1,0,0,0,0
1923248,241080,2021-08-17,3.8,5,486.0,0,1,0,0,1,0,0,0,0
1566683,239102,2021-11-18,3.6,4,332.7,0,0,1,0,1,0,0,0,0
1410579,331013,2021-06-30,6.9,6,510.2,0,0,1,0,1,0,0,0,0
1188073,287810,2020-12-15,6.9,4,389.1,0,0,1,0,1,0,0,0,0
1049250,399148,2020-08-11,4.2,5,455.2,0,0,0,1,1,0,0,0,0
1482978,284099,2022-10-26,5.4,5,411.7,0,0,1,0,1,0,0,0,0
1543604,326659,2021-09-21,7.8,5,453.3,0,0,1,0,1,0,0,0,0
1668276,487870,2021-01-18,6.9,6,561.1,0,0,0,1,1,0,0,0,0
1922972,89160,2022-09-18,4.1,3,240.0,0,0,0,1,0,0,0,0,1
1121506,287850,2022-11-15,9.0,5,464.7,0,0,1,0,1,0,0,0,0
1839067,251620,2020-11-14,3.7,4,305.0,0,0,0,1,1,0,0,0,0
1486915,253884,2020-07-25,5.0,4,353.9,0,0,1,0,1,0,0,0,0
1871098,179692,2020-01-26,7.5,4,370.7,0,1,0,0,1,0,0,0,0
1867281,107651,2021-09-22,4.6,2,174.4,0,0,0,1,0,0,1,0,0
1435319,44035,2021-12-25,4.6,2,137.7,1,0,0,0,0,0,0,1,0
1282303,42598,2021-01-11,6.9,2,118.4,0,0,1,0,0,0,0,0,1
1759657,457596,2022-10-25,9.3,6,576.3,0,0,0,1,1,0,0,0,0
1810913,246691,2021-10-22,6.9,4,331.4,0,0,0,1,1,0,0,0,0
1944176,229350,2020-08-13,7.3,4,398.9,1,0,0,0,1,0,0,0,0
1617244,254541,2022-01-31,6.8,4,306.4,0,0,0,1,1,0,0,0,0
1897399,67388,2021-08-27,6.7,2,121.9,0,0,1,0,0,0,1,0,0
1643856,61178,2022-10-18,5.7,2,125.1,0,0,1,0,0,0,1,0,0
1200264,472798,2021-11-05,6.6,6,585.2,0,0,0,1,1,0,0,0,0
1450742,359793,2020-12-15,3.0,6,583.5,1,0,0,0,1,0,0,0,0
1927616,310380,2021-12-31,5.3,5,421.9,0,0,1,0,1,0,0,0,0
1886105,214140,2020-07-06,7.4,3,248.4,0,0,0,1,1,0,0,0,0
1781744,275702,2022-09-16,5.0,5,454.2,1,0,0,0,1,0,0,0,0
1207020,246349,2022-03-16,5.3,5,415.1,1,0,0,0,0,0,0,0,0
1867890,449336,2022-09-08,7.1,6,599.0,0,0,0,1,1,0,0,0,0
1090445,129812,2022-05-14,7.1,3,277.8,0,1,0,0,1,0,0,0,0
1840409,415694,2022-02-05,8.4,6,571.9,0,0,1,0,1,0,0,0,0
1840163,89365,2022-11-29,5.7,2,167.2,0,0,1,0,0,0,1,0,0
1260544,116552,2020-06-15,11.8,3,227.8,0,0,1,0,0,0,1,0,0
1880762,114727,2022-02-22,1.7,3,209.7,0,0,0,1,0,0,1,0,0
1328959,171043,2021-11-14,3.5,3,241.5,0,0,1,0,0,0,0,0,0
1245466,220595,2022-09-24,2.5,3,299.2,0,0,1,0,1,0,0,0,0
1440583,282206,2022-08-30,6.4,5,406.5,0,0,1,0,1,0,0,0,0
1803126,448512,2022-10-01,4.6,6,569.8,0,0,0,1,1,0,0,0,0
1124806,390983,2020-03-21,3.6,6,522.2,0,0,0,0,1,0,0,0,0
1542713,370456,2021-03-02,5.7,6,588.1,1,0,0,0,1,0,0,0,0
1626141,315898,2020-11-22,3.5,6,532.6,1,0,0,0,1,0,0,0,0
1341975,406686,2022-05-23,8.3,6,523.9,0,0,0,1,1,0,0,0,0
1755997,209335,2022-04-19,5.2,4,350.0,1,0,0,0,1,0,0,0,0
1550067,323755,2020-12-13,3.7,5,414.3,0,0,0,1,1,0,0,0,0
1567024,203117,2020-08-18,4.8,4,318.3,1,0,0,0,0,0,0,0,0
1509334,384130,2022-08-31,6.4,6,526.8,0,0,1,0,1,0,0,0,0
1137000,262497,2020-01-20,7.9,4,371.4,0,0,1,0,1,0,0,0,0
1778709,354953,2021-05-26,6.3,5,491.9,0,0,0,0,1,0,0,0,0
1693997,416775,2020-08-09,2.4,5,488.1,0,0,0,1,1,0,0,0,0
1368878,120459,2022-02-17,8.7,3,239.2,0,0,1,0,0,0,1,0,0
1667394,302106,2020-09-14,7.7,5,412.7,0,0,1,0,1,0,0,0,0
1300404,200253,2020-08-30,5.4,3,270.7,0,0,0,0,1,0,0,0,0
1820194,394223,2020-05-12,6.3,6,598.4,1,0,0,0,1,0,0,0,0
1511093,241750,2022-07-27,6.5,5,402.4,1,0,0,0,1,0,0,0,0
1240644,145226,2021-11-26,7.1,4,322.4,0,1,0,0,1,0,0,0,0
1458817,55789,2021-07-13,4.6,2,116.5,1,0,0,0,0,0,1,0,0
1896257,275148,2020-01-16,6.1,6,510.6,0,1,0,0,1,0,0,0,0
1784296,209861,2021-05-02,4.0,3,287.9,0,0,1,0,1,0,0,0,0
1483175,66272,2020-12-31,8.4,2,174.5,0,0,0,1,0,0,0,0,1
1441365,76998,2022-01-10,7.7,3,208.3,0,0,1,0,0,0,0,0,1
1693374,352449,2021-11-20,6.9,6,562.4,1,0,0,0,1,0,0,0,0
1386213,74700,2020-05-02,4.7,2,172.8,1,0,0,0,0,1,0,0,0
1586352,60350,2020-03-18,6.9,2,113.7,0,0,1,0,0,0,1,0,0
1698956,60213,2022-08-22,6.5,2,106.0,0,0,0,1,0,0,1,0,0
1267799,364906,2022-01-24,6.5,6,528.0,0,0,1,0,1,0,0,0,0
1542591,58051,2022-12-12,5.4,2,123.5,1,0,0,0,0,0,1,0,0
1097108,221941,2021-09-16,5.2,3,287.2,0,0,0,1,1,0,0,0,0
1772362,335588,2020-08-24,6.8,6,551.2,1,0,0,0,1,0,0,0,0
1040638,177220,2020-02-28,3.4,4,349.3,0,1,0,0,1,0,0,0,0
1256594,249923,2022-05-04,4.2,4,307.1,0,0,0,1,1,0,0,0,0
1819804,231562,2021-10-25,4.9,4,373.1,1,0,0,0,1,0,0,0,0
1035550,58922,2020-03-01,4.2,2,136.0,1,0,0,0,0,0,1,0,0
1744369,358828,2020-11-01,4.4,6,513.0,0,0,1,0,1,0,0,0,0
1806912,250580,2022-08-24,6.3,5,409.4,1,0,0,0,1,0,0,0,0
1130933,405419,2021-11-27,6.2,6,577.3,0,0,1,0,1,0,0,0,0
1944797,437068,2022-10-13,5.6,5,475.7,0,0,0,1,1,0,0,0,0
1514297,428646,2021-09-05,3.9,6,579.4,0,0,0,1,1,0,0,0,0
1133435,54959,2022-04-28,6.1,2,136.4,0,0,0,1,0,0,0,0,1
1723878,95010,2020-04-19,5.8,2,175.3,0,0,1,0,0,0,1,0,0
1375644,57317,2020-03-06,7.6,2,135.6,0,0,0,1,0,0,0,0,1
1089831,408034,2020-01-26,4.1,6,531.9,0,0,1,0,1,0,0,0,0
1236347,493093,2020-05-06,4.3,6,583.4,0,0,0,1,1,0,0,0,0
1033968,55256,2021-11-23,5.3,2,117.2,1,0,0,0,0,0,1,0,0
1164142,201349,2020-02-26,9.0,4,310.9,0,0,1,0,1,0,0,0,0
1480021,81989,2020-02-21,3.1,2,175.0,1,0,0,0,0,0,1,0,0
1314840,330710,2022-08-01,7.0,5,464.6,0,0,1,0,1,0,0,0,0
1092241,374648,2021-05-28,3.9,5,469.5,0,0,0,1,1,0,0,0,0
1577275,209144,2021-07-27,1.1,4,326.6,1,0,0,0,1,0,0,0,0
1583062,453651,2020-09-24,5.3,6,595.6,0,0,0,1,0,0,0,0,0
1556675,226280,2022-02-08,3.2,4,335.6,0,0,1,0,1,0,0,0,0
1763175,284961,2021-02-02,3.5,4,393.2,0,0,1,0,1,0,0,0,0
1562955,147028,2021-02-28,4.9,3,208.2,0,0,1,0,1,0,0,0,0
1472753,247921,2021-03-13,9.1,5,405.5,1,0,0,0,1,0,0,0,0
1435410,80275,2020-09-13,4.1,2,141.8,0,0,1,0,0,0,1,0,0
1303692,329420,2022-12-21,7.9,5,472.2,0,0,1,0,1,0,0,0,0
1658159,302554,2022-06-24,5.0,5,448.7,0,0,1,0,1,0,0,0,0
1293497,325426,2022-12-26,8.5,5,450.0,0,0,1,0,1,0,0,0,0
1935823,325309,2021-02-27,5.7,5,496.5,0,0,1,0,0,0,0,0,0
1112926,49191,2021-08-21,8.9,2,103.5,0,0,1,0,0,0,1,0,0
1049091,291828,2020-04-21,3.6,4,399.9,0,0,1,0,1,0,0,0,0
1949839,204897,2021-03-20,5.0,3,292.5,0,0,1,0,1,0,0,0,0
1653992,38223,2021-08-15,3.6,2,106.1,0,0,1,0,0,0,0,0,1
1777242,252737,2022-05-28,7.5,4,310.4,0,0,0,1,1,0,0,0,0
1903260,85885,2020-07-11,6.7,2,172.7,0,0,1,0,0,0,1,0,0
1328828,283897,2020-07-28,5.0,6,518.9,1,0,0,0,1,0,0,0,0
1224317,321064,2020-06-19,8.2,5,448.9,0,0,1,0,1,0,0,0,0
1461323,206366,2021-09-04,6.6,4,325.3,1,0,0,0,1,0,0,0,0
1932137,175498,2020-05-28,10.0,4,350.5,0,1,0,0,1,0,0,0,0
1669460,348579,2022-11-06,7.1,5,496.2,0,0,1,0,1,0,0,0,0
1558240,320767,2022-09-29,8.1,6,535.2,1,0,0,0,1,0,0,0,0
1226541,68947,2021-01-01,6.5,2,181.7,0,1,0,0,0,0,1,0,0
1170602,61095,2020-11-18,5.9,2,115.8,0,0,1,0,0,0,1,0,0
1072523,67445,2020-06-13,2.2,2,108.1,0,0,0,1,0,0,1,0,0
1060994,285350,2020-02-09,5.0,5,408.2,0,0,1,0,1,0,0,0,0
1149032,332813,2020-10-17,6.3,6,552.8,1,0,0,0,1,0,0,0,0
1124211,386810,2020-07-23,3.7,6,540.3,0,0,1,0,1,0,0,0,0
1306326,416637,2022-08-20,8.9,6,591.0,0,0,1,0,1,0,0,0,0
1120760,281211,2020-03-26,9.5,5,485.9,1,0,0,0,1,0,0,0,0
1232992,305999,2021-07-15,7.2,4,364.9,0,0,0,1,1,0,0,0,0
1937829,233111,2020-10-24,5.9,5,438.0,0,1,0,0,1,0,0,0,0
1066669,165772,2021-07-09,5.8,4,304.0,0,1,0,0,0,0,0,0,0
1625844,36456,2021-10-10,4.4,2,133.1,1,0,0,0,0,0,0,0,1
1414175,442733,2020-04-07,6.4,6,552.1,0,0,0,1,1,0,0,0,0
1480243,345394,2022-04-14,4.3,6,595.4,1,0,0,0,1,0,0,0,0
1762846,346208,2022-08-18,5.0,6,562.2,1,0,0,0,1,0,0,0,0
1726453,245611,2021-03-09,2.7,4,325.3,0,0,0,1,1,0,0,0,0
1985167,170290,2020-04-30,4.6,4,376.5,0,0,0,0,1,0,0,0,0
1784112,203791,2022-03-18,5.0,3,271.9,0,0,1,0,1,0,0,0,0
1302367,280949,2022-03-18,3.7,4,353.9,0,0,0,1,1,0,0,0,0
1553108,98219,2022-01-27,5.8,3,204.7,1,0,0,0,0,0,1,0,0
1627678,168615,2020-09-26,7.8,3,272.9,1,0,0,0,1,0,0,0,0
1925306,233756,2020-09-12,5.9,6,513.9,0,1,0,0,1,0,0,0,0
1981077,206819,2021-08-30,1.3,3,268.5,0,0,0,1,1,0,0,0,0
1600359,406906,2020-06-04,5.5,6,565.6,0,0,1,0,1,0,0,0,0
1860913,82488,2021-05-08,4.3,2,156.3,0,0,1,0,0,0,1,0,0
1221789,193858,2021-11-18,6.3,4,307.5,0,0,1,0,1,0,0,0,0
1712095,269966,2022-10-22,4.0,5,420.8,0,0,1,0,1,0,0,0,0
1869173,319962,2022-03-17,2.7,4,393.4,0,0,0,1,1,0,0,0,0
1357211,421254,2020-03-07,7.9,5,499.0,0,0,0,1,1,0,0,0,0
1173096,203069,2021-11-14,1.7,5,437.5,0,1,0,0,1,0,0,0,0
1173813,253487,2022-06-16,7.3,6,526.9,0,1,0,0,1,0,0,0,0
1519704,322872,2020-11-25,3.1,5,452.7,0,0,1,0,1,0,0,0,0
1895182,278037,2021-11-01,7.7,4,394.2,0,0,1,0,1,0,0,0,0
1960720,206878,2021-08-14,8.6,4,390.9,0,1,0,0,1,0,0,0,0
1580529,190333,2021-08-11,1.0,3,261.3,0,0,1,0,1,0,0,0,0
1676562,60819,2022-11-27,1.8,2,107.4,0,0,0,1,0,0,1,0,0
1722765,415206,2020-07-01,7.2,6,550.1,0,0,0,1,1,0,0,0,0
1046302,207444,2020-01-10,4.4,4,320.1,1,0,0,0,1,0,0,0,0
1619232,399131,2021-07-02,9.5,5,488.8,0,0,0,1,1,0,0,0,0
1342593,328729,2022-06-22,3.5,5,450.7,0,0,1,0,1,0,0,0,0
1591145,389975,2021-04-29,6.8,6,590.9,0,0,1,0,1,0,0,0,0
1750679,215576,2021-07-24,8.1,5,446.7,0,1,0,0,1,0,0,0,0
1307813,48745,2021-09-21,5.7,2,135.9,0,1,0,0,0,0,1,0,0
1306187,201135,2022-01-24,6.4,4,331.4,1,0,0,0,1,0,0,0,0
1393254,199518,2020-10-14,4.3,5,402.1,0,1,0,0,1,0,0,0,0
1066607,212402,2022-05-25,10.9,3,280.3,0,0,0,1,0,0,0,0,0
1742084,115929,2022-10-04,1.9,2,182.1,0,0,0,1,0,0,1,0,0
1442800,252543,2021-08-15,6.8,5,427.0,1,0,0,0,1,0,0,0,0
1451857,338942,2020-09-08,4.4,6,511.9,1,0,0,0,1,0,0,0,0
1882731,416639,2022-12-24,8.8,6,505.2,0,0,0,0,1,0,0,0,0
1680805,313655,2021-04-15,6.1,5,476.5,0,0,1,0,1,0,0,0,0
1145723,288925,2021-07-07,0.8,4,347.4,0,0,0,1,1,0,0,0,0
1269355,209116,2021-03-09,6.0,4,341.8,1,0,0,0,1,0,0,0,0
1330040,370352,2020-09-05,7.6,6,599.4,1,0,0,0,1,0,0,0,0
1811893,273661,2022-08-22,4.1,5,476.9,1,0,0,0,1,0,0,0,0
1422432,366141,2020-07-05,3.9,6,600.0,0,0,1,0,1,0,0,0,0
1501985,193984,2022-04-15,4.7,4,383.2,0,1,0,0,1,0,0,0,0
1224962,31437,2020-09-18,9.0,2,102.4,1,0,0,0,0,0,0,1,0
1487089,105259,2022-08-22,4.2,3,220.4,0,1,0,0,1,0,0,0,0
1010498,174896,2022-02-16,5.0,3,242.9,0,0,1,0,1,0,0,0,0
1939641,426712,2021-03-14,5.5,6,534.5,0,0,0,1,1,0,0,0,0
1834295,198761,2020-01-19,6.9,3,270.6,0,0,1,0,1,0,0,0,0
1293594,50500,2020-08-21,6.4,2,138.9,0,0,0,0,0,0,1,0,0
1019689,368647,2020-08-27,4.6,6,510.8,0,0,1,0,1,0,0,0,0
1443538,197745,2020-11-10,6.1,4,315.9,1,0,0,0,1,0,0,0,0
1004906,329353,2021-06-05,5.8,5,422.9,0,0,0,1,1,0,0,0,0
1400177,170773,2022-06-17,3.7,3,256.0,0,0,1,0,1,0,0,0,0
1075564,256015,2022-09-23,2.1,5,428.7,1,0,0,0,1,0,0,0,0
1366380,95600,2022-04-08,7.4,3,223.6,0,0,0,1,0,0,0,0,1
1179477,73454,2020-08-27,7.3,2,192.4,0,1,0,0,0,0,1,0,0
1041659,329269,2021-02-14,7.4,6,588.7,1,0,0,0,1,0,0,0,0
1050073,48872,2021-04-06,5.5,2,108.7,1,0,0,0,0,0,1,0,0
1513415,73807,2022-04-23,4.6,2,147.5,0,0,1,0,0,0,1,0,0
1924073,72877,2020-10-21,7.0,2,159.3,1,0,0,0,0,0,1,0,0
1889567,412432,2021-04-17,5.9,6,554.9,0,0,0,1,1,0,0,0,0
1911983,315738,2020-10-21,2.7,5,435.9,0,0,1,0,1,0,0,0,0
1703153,317415,2020-09-29,5.6,5,425.5,0,0,1,0,1,0,0,0,0
1345078,65164,2020-05-09,6.5,2,164.4,0,0,0,1,0,0,0,0,1
1545295,377613,2022-09-04,3.1,6,569.0,0,0,1,0,1,0,0,0,0
1171582,146513,2020-09-10,8.4,2,194.1,0,0,0,1,1,0,0,0,0
1533230,250696,2020-01-26,4.8,4,320.7,0,0,0,1,1,0,0,0,0
1407557,308470,2021-03-08,9.5,6,516.2,1,0,0,0,1,0,0,0,0
1509984,339950,2021-02-13,6.4,6,575.3,1,0,0,0,1,0,0,0,0
1124935,197975,2021-07-13,5.7,3,290.3,0,0,1,0,1,0,0,0,0
1048748,281254,2021-02-07,6.0,4,399.5,0,0,1,0,1,0,0,0,0
1599868,304952,2020-12-25,4.6,5,431.5,0,0,1,0,0,0,0,0,0
1647410,229839,2020-09-30,8.7,4,341.6,0,0,0,0,1,0,0,0,0
1927805,382711,2020-12-28,6.7,6,551.5,0,0,1,0,1,0,0,0,0
1186022,324161,2020-07-11,5.9,4,385.1,0,0,0,1,1,0,0,0,0
1697785,113939,2021-12-04,9.0,3,214.5,0,0,1,0,0,0,1,0,0
1401538,309532,2021-06-21,5.2,4,397.1,0,0,0,1,1,0,0,0,0
1424107,366583,2022-01-05,5.9,6,552.7,0,0,1,0,1,0,0,0,0
1468987,80439,2022-01-29,7.8,2,139.8,0,0,1,0,0,0,1,0,0
1580468,80029,2021-05-19,6.7,2,128.8,0,0,0,1,0,1,0,0,0
1383706,319682,2020-11-29,2.4,5,430.4,0,0,0,0,1,0,0,0,0
1502203,231329,2021-09-19,4.2,4,384.0,1,0,0,0,0,0,0,0,0
1362207,169454,2022-09-25,6.9,4,363.0,0,1,0,0,1,0,0,0,0
1123892,198661,2022-02-17,7.3,5,432.2,0,1,0,0,1,0,0,0,0
1327295,358304,2020-10-10,6.2,6,599.8,1,0,0,0,1,0,0,0,0
1058161,176612,2022-11-01,6.8,4,359.1,0,1,0,0,1,0,0,0,0
1822037,197827,2021-04-03,5.4,3,253.7,0,0,0,1,1,0,0,0,0
1679272,162099,2021-12-06,5.0,3,268.7,1,0,0,0,1,0,0,0,0
